customer,shop,date,month,wday,quantity,billing,datediff_next,max_date
_~_AH,7ti,2018-10-06,10,7,2.39,12.43,0,TRUE
_AJyg,5S8,2018-07-27,7,6,3.54,21.84,0,TRUE
_cFlK,~iy,2018-10-10,10,4,4.616,64.67,0,TRUE
_EO~V,Rtw,2018-10-31,10,4,4.28,44.15,0,TRUE
_EXSy,5S8,2018-06-05,6,3,1,6.95,0,TRUE
_Ii34,7M4,2018-10-31,10,4,3.395,22.2,0,TRUE
_KI52,7M4,2018-10-18,10,5,7.8,23.4,0,TRUE
_kKBr,sN6,2018-08-02,8,5,0.66,14.7,0,TRUE
_knxz,tbv,2018-10-26,10,6,1.264,2.68,0,TRUE
_mBDn,tbv,2018-10-30,10,3,4.556,36.18,0,TRUE
_mSpt,bbb,2018-09-13,9,5,6.08,15.46,0,TRUE
_p0LG,AWT,2018-10-20,10,7,0.425,20.52,0,TRUE
_q8H3,7XS,2018-10-18,10,5,18.12,56.04,0,TRUE
_rAWO,Rtw,2018-10-29,10,2,0.54,4.46,0,TRUE
_TmrR,AWT,2018-10-29,10,2,0.51,11.2,0,TRUE
_TPjG,7ti,2018-10-26,10,6,7.15,55.34,0,TRUE
_upvn,nRq,2018-08-14,8,3,1.05,12,0,TRUE
_vfye,0aM,2018-10-30,10,3,57.4,83.55,0,TRUE
_xUJ9,7XS,2018-10-31,10,4,0.3,3.36,0,TRUE
_ym_z,AWT,2018-10-29,10,2,2.32,10.99,0,TRUE
_ZGza,fDV,2018-10-26,10,6,3,16.95,0,TRUE
~~Z6U,KFW,2018-10-20,10,7,2.736,34.5,0,TRUE
~66fT,7ti,2018-10-23,10,3,5.015,10.65,0,TRUE
~6lia,bbb,2018-10-26,10,6,3.28,30.9,0,TRUE
~9Gl_,AWT,2018-09-20,9,5,1.345,3.83,0,TRUE
~a9zT,nRq,2018-10-19,10,6,0.37,10.29,0,TRUE
~AbvE,7ti,2018-10-29,10,2,4.235,9.48,0,TRUE
~ASFj,Rtw,2018-06-15,6,6,7.775,33.65,0,TRUE
~FAxj,Rtw,2018-10-20,10,7,3.265,26.28,0,TRUE
~FhKG,F50,2018-10-29,10,2,3.44,12.09,0,TRUE
~jAyw,7ti,2018-10-31,10,4,1.56,29.22,0,TRUE
~jVLC,KFW,2018-08-24,8,6,1.432,27.09,0,TRUE
~M1ZM,0aM,2018-10-24,10,4,2.87,14.62,0,TRUE
~mfZq,bbb,2018-10-22,10,2,0.4,5.25,0,TRUE
~nHKY,AWT,2018-07-31,7,3,2.37,0.159999999999999,0,TRUE
~p6mo,7XS,2018-10-30,10,3,3.025,36.8,0,TRUE
~QE1X,KFW,2018-10-29,10,2,1.888,21.27,0,TRUE
~Rwpl,lFX,2018-10-23,10,3,0.482,17.98,0,TRUE
~TW~y,AWT,2018-09-28,9,6,3.91,0.899999999999999,0,TRUE
~WU2I,7ti,2018-10-31,10,4,3.54,23.29,0,TRUE
~XGPH,AWT,2018-10-17,10,4,2,13.5,0,TRUE
~zeko,7M4,2018-09-25,9,3,1.965,14.01,0,TRUE
02FS0,7ti,2018-10-25,10,5,5.245,55.83,0,TRUE
0cnq4,7ti,2018-01-04,1,5,0.56,11.34,0,TRUE
0dYC~,AWT,2018-10-30,10,3,0.27,4.1,0,TRUE
0eVBW,~iy,2018-10-17,10,4,2.458,14.97,0,TRUE
0HMAO,uRf,2018-09-14,9,6,5.065,29.69,0,TRUE
0HqnI,AWT,2018-10-29,10,2,0.295,4.1,0,TRUE
0IWbZ,fDV,2018-05-18,5,6,1.215,28.7,0,TRUE
0rhv5,AWT,2018-10-09,10,3,1.38,11.16,0,TRUE
0T~q0,lFX,2018-10-27,10,7,8.776,75.85,0,TRUE
0vdxA,wdU,2018-10-30,10,3,0,0,0,TRUE
0X1pq,sN6,2018-10-15,10,2,1.46,10.91,0,TRUE
0zDWH,nRq,2018-01-04,1,5,3.275,42.32,0,TRUE
0zGGN,bbb,2018-10-29,10,2,4.26,17.13,0,TRUE
0ZlQ9,7M4,2018-10-22,10,2,0.205,4.61,0,TRUE
1_jPm,KFW,2018-10-20,10,7,3.412,48.01,0,TRUE
11JYo,JFC,2018-10-16,10,3,2.96,26.99,0,TRUE
1293J,bbb,2018-10-30,10,3,12.925,83.73,0,TRUE
13avS,uRf,2018-10-29,10,2,7.845,17.76,0,TRUE
15FDq,7M4,2018-10-13,10,7,1.39,33.34,0,TRUE
16259,fDV,2018-10-24,10,4,0.435,6.53,0,TRUE
1b~lG,Ed0,2018-10-26,10,6,1.01,20.18,0,TRUE
1BHMv,7ti,2018-10-04,10,5,2.505,37.98,0,TRUE
1czwE,fDV,2018-10-31,10,4,1.45,-4.44089209850063e-16,0,TRUE
1daX7,0aM,2018-10-24,10,4,4.518,36.45,0,TRUE
1F244,0aM,2018-10-26,10,6,3,21,0,TRUE
1goHI,bbb,2018-03-12,3,2,6.86,20.29,0,TRUE
1MHak,fDV,2018-10-31,10,4,7.01,62.63,0,TRUE
1PFE5,AWT,2018-10-30,10,3,8.555,55.57,0,TRUE
1qk7c,AWT,2018-03-28,3,4,0.555,11.79,0,TRUE
1RaAB,7ti,2018-10-22,10,2,5.045,25.15,0,TRUE
1RkVQ,~iy,2018-09-10,9,2,5.22,16.9,0,TRUE
1RrWC,Rtw,2018-10-27,10,7,4.08,20.18,0,TRUE
1sw87,AWT,2018-10-15,10,2,0.555,9.4,0,TRUE
2~qCT,~iy,2018-10-22,10,2,0.72,15.03,0,TRUE
23EeY,Rtw,2018-10-26,10,6,3.65,27.82,0,TRUE
27rrR,bbb,2018-10-30,10,3,1.85,12.74,0,TRUE
28Znc,5S8,2018-07-13,7,6,2.76,19.27,0,TRUE
2aaUD,KFW,2018-10-13,10,7,2.498,19.88,0,TRUE
2bA17,7ti,2018-04-07,4,7,1,2.5,0,TRUE
2FZtR,5S8,2018-10-10,10,4,0.55,8.14,0,TRUE
2Gy_c,fDV,2018-09-21,9,6,1.26,36.2,0,TRUE
2kb1f,7ti,2018-10-01,10,2,0.865,29.32,0,TRUE
2lHxB,5S8,2018-10-19,10,6,1.305,13.95,0,TRUE
2mbkw,5S8,2018-09-01,9,7,1.845,19.55,0,TRUE
2n0pE,Rtw,2018-10-06,10,7,5.09,22.93,0,TRUE
2RA~w,5S8,2018-10-20,10,7,2,15.9,0,TRUE
2SQ2E,AWT,2018-10-31,10,4,6.935,82.14,0,TRUE
2xMJX,sN6,2018-10-27,10,7,3.94,25.12,0,TRUE
30Jrh,HYm,2018-09-14,9,6,6,35.7,0,TRUE
31k1b,AWT,2018-09-07,9,6,7.575,182.86,0,TRUE
388ho,tbv,2018-10-24,10,4,0.186,2.38,0,TRUE
3ACdF,7M4,2018-10-31,10,4,0.37,2.57,0,TRUE
3BQeB,5S8,2018-10-24,10,4,2.105,11.62,0,TRUE
3Bvbj,AWT,2018-10-15,10,2,1.26,11.1,0,TRUE
3c4Ye,JFC,2018-10-27,10,7,2.3,11.83,0,TRUE
3cOgh,0aM,2018-10-23,10,3,2.894,48.36,0,TRUE
3div3,tbv,2018-10-25,10,5,3.48,55.56,0,TRUE
3EJqF,bbb,2018-10-31,10,4,2.27,29.57,0,TRUE
3iavD,7M4,2018-09-27,9,5,2.38,10.84,0,TRUE
3Ibxz,KFW,2018-08-30,8,5,10.012,154.71,0,TRUE
3Phk7,7ti,2018-10-30,10,3,4.465,51.13,0,TRUE
3QIil,HYm,2018-10-19,10,6,1.355,21.49,0,TRUE
3QY9g,7ti,2018-08-31,8,6,3,13.95,0,TRUE
3rnzK,0aM,2018-10-13,10,7,4.326,25.07,0,TRUE
3vayJ,fDV,2018-10-31,10,4,2.14,64.83,0,TRUE
3W_V8,bbb,2018-09-21,9,6,1,4.75,0,TRUE
3xgvf,~iy,2018-10-30,10,3,7.72,32.13,0,TRUE
3YLbR,KFW,2018-10-29,10,2,3.67,38.7,0,TRUE
3ze6h,~iy,2018-10-18,10,5,2.244,22.66,0,TRUE
3ZTnE,7ti,2018-10-25,10,5,1,6.95,0,TRUE
40dbF,nRq,2018-10-26,10,6,0.63,8,0,TRUE
41FAT,8TO,2018-10-29,10,2,0.12,1.28,0,TRUE
432Vm,7M4,2018-10-23,10,3,1.165,17.25,0,TRUE
44MSY,fDV,2018-10-31,10,4,3.12,34.92,0,TRUE
45vIi,tbv,2018-09-25,9,3,0.908,22.47,0,TRUE
4657I,5S8,2018-09-25,9,3,4.155,10.89,0,TRUE
46Ux_,KFW,2018-10-03,10,4,2.364,30.84,0,TRUE
4BOB7,5S8,2018-06-22,6,6,1.2,5.93,0,TRUE
4fttX,~iy,2018-10-17,10,4,1.318,8.83,0,TRUE
4g~Ss,AWT,2018-04-12,4,5,1.325,18.05,0,TRUE
4g7Bt,7ti,2018-10-02,10,3,5.235,29.76,0,TRUE
4GPV4,7M4,2018-10-24,10,4,0.565,11.03,0,TRUE
4ipD9,nRq,2018-10-30,10,3,0.325,7.31,0,TRUE
4k06e,Ed0,2018-05-31,5,5,6.235,26.88,0,TRUE
4Ltse,fDV,2018-10-30,10,3,9.565,33.52,0,TRUE
4mnSN,fDV,2018-10-22,10,2,1.78,17.11,0,TRUE
4Qm1Z,fDV,2018-10-19,10,6,0.455,14.44,0,TRUE
4rQqK,tbv,2018-10-26,10,6,1.298,19.07,0,TRUE
4U_BX,J5B,2018-10-31,10,4,1.945,17.15,0,TRUE
4vCO5,AWT,2018-10-24,10,4,1.495,14.28,0,TRUE
4wLDy,tbv,2018-10-30,10,3,1.542,18.26,0,TRUE
4XB5L,7XS,2018-10-16,10,3,0.1,5.5,0,TRUE
4xwaC,7M4,2018-09-19,9,4,4.33,19.22,0,TRUE
4ys7G,Ed0,2018-10-31,10,4,1.495,13.56,0,TRUE
4zARQ,bbb,2018-09-14,9,6,4.64,18.56,0,TRUE
5~_ln,7ti,2018-10-27,10,7,2.885,20.42,0,TRUE
526MT,AWT,2018-09-28,9,6,2.835,23.34,0,TRUE
59ZVx,8TO,2018-09-26,9,4,6,50.48,0,TRUE
5ejVI,7XS,2018-07-05,7,5,1.59,0,0,TRUE
5fiZZ,bbb,2018-09-04,9,3,0.475,9.37,0,TRUE
5gQI2,Ed0,2018-10-29,10,2,3.29,22.63,0,TRUE
5hFek,0aM,2018-10-06,10,7,3.034,31.1,0,TRUE
5hoiI,0aM,2018-10-29,10,2,2.296,17.96,0,TRUE
5iSZ4,KFW,2018-10-30,10,3,2.696,22.85,0,TRUE
5M7LZ,AWT,2018-10-27,10,7,1.895,54.64,0,TRUE
5RJSr,Ed0,2018-06-12,6,3,1.27,18.48,0,TRUE
5s2su,nRq,2018-10-30,10,3,0.455,5.87,0,TRUE
5ssf5,nRq,2018-10-11,10,5,0.245,4.04,0,TRUE
5wbVI,AWT,2018-10-30,10,3,1.18,9.23,0,TRUE
5WtJR,AWT,2018-10-12,10,6,3.755,29.28,0,TRUE
5xFuf,AWT,2018-10-11,10,5,2.03,13.26,0,TRUE
5XGlg,7XS,2018-10-18,10,5,2.945,53.69,0,TRUE
5yzwT,7XS,2018-09-14,9,6,1.945,118.55,0,TRUE
5zEGK,zF~,2018-06-11,6,2,5.235,37.58,0,TRUE
5Zgtj,AWT,2018-10-30,10,3,13.595,83.82,0,TRUE
5zISP,5S8,2018-10-31,10,4,0.42,9.35,0,TRUE
64C3f,7ti,2018-09-22,9,7,1.335,18.55,0,TRUE
64OXJ,0aM,2018-07-11,7,4,5.24,17.73,0,TRUE
65GvP,7ti,2018-10-20,10,7,3,15.95,0,TRUE
65i97,Rtw,2018-10-24,10,4,2.43,9.14,0,TRUE
6a2zP,J5B,2018-10-29,10,2,1.565,23.48,0,TRUE
6cAe5,F50,2018-10-23,10,3,0.57,5.9,0,TRUE
6Cw0m,~iy,2018-10-29,10,2,1.752,13.3,0,TRUE
6Dlgm,~iy,2018-10-29,10,2,5.85,75.71,0,TRUE
6KWn0,AWT,2018-10-18,10,5,3.865,20.78,0,TRUE
6NIyd,5S8,2018-10-26,10,6,1.14,19.38,0,TRUE
6O~33,AWT,2018-09-20,9,5,8.78,66.27,0,TRUE
6pwQu,zF~,2018-09-21,9,6,5.595,31.99,0,TRUE
6qGRU,AWT,2018-09-19,9,4,2.41,23.38,0,TRUE
6tWF4,fDV,2018-10-20,10,7,15.35,59.91,0,TRUE
6v4_~,uRf,2018-10-31,10,4,5.76,19.86,0,TRUE
6xJne,nRq,2018-08-31,8,6,0.755,10.94,0,TRUE
6Y0Dz,7XS,2018-10-16,10,3,0.495,19.2,0,TRUE
6YTuC,fDV,2018-10-26,10,6,1,1.95,0,TRUE
6ZVfU,7ti,2018-06-15,6,6,1.45,17.79,0,TRUE
75QkL,7ti,2018-05-15,5,3,2,7,0,TRUE
78oIS,tbv,2018-10-20,10,7,1.648,6.76,0,TRUE
7arD1,AWT,2018-08-22,8,4,12,4.8,0,TRUE
7D~C8,fDV,2017-12-28,12,5,0.13,1.55,0,TRUE
7EF2k,0aM,2018-10-31,10,4,2.586,14.28,0,TRUE
7ePWK,sN6,2018-10-30,10,3,3.84,18.2,0,TRUE
7g46B,F50,2018-10-26,10,6,3.21,10.7,0,TRUE
7GEKe,7ti,2018-10-18,10,5,6.695,95.45,0,TRUE
7j9jk,~iy,2018-10-29,10,2,3.882,12.01,0,TRUE
7Ja9d,~iy,2018-10-25,10,5,4.132,23.92,0,TRUE
7jDRO,fDV,2018-10-24,10,4,7.245,42.81,0,TRUE
7jerz,5S8,2018-10-30,10,3,3.455,31.93,0,TRUE
7JpLx,fDV,2018-10-20,10,7,2.625,39.54,0,TRUE
7MNtn,~iy,2018-05-18,5,6,0.926,13.21,0,TRUE
7qJLe,fDV,2018-09-03,9,2,0.905,13,0,TRUE
7r0Sj,~iy,2018-10-30,10,3,0.312,4.28,0,TRUE
7SEGm,0aM,2018-10-27,10,7,1.484,21.46,0,TRUE
7Tgsp,bbb,2018-08-28,8,3,0.57,13.91,0,TRUE
7TQlg,7ti,2018-10-31,10,4,2.425,16.1,0,TRUE
7WDNd,5S8,2018-10-23,10,3,0.17,9.69,0,TRUE
7wEKi,7XS,2018-10-24,10,4,0.21,11.55,0,TRUE
7WUyJ,7XS,2018-10-05,10,6,0.445,5.39,0,TRUE
80UpJ,~iy,2018-10-11,10,5,2.878,30.9,0,TRUE
85_AB,KFW,2018-10-22,10,2,3.522,18.32,0,TRUE
87htN,Rtw,2018-10-11,10,5,1.495,29.44,0,TRUE
88VoC,bbb,2018-09-14,9,6,3.49,12.81,0,TRUE
8AXUX,~iy,2018-10-16,10,3,1.812,10.01,0,TRUE
8B4my,sN6,2018-10-31,10,4,3.97,11.19,0,TRUE
8beOS,7M4,2018-09-01,9,7,1.415,11.84,0,TRUE
8cORj,~iy,2018-10-26,10,6,4.08,17.88,0,TRUE
8gkxS,7XS,2018-10-31,10,4,2.76,48.68,0,TRUE
8gnU1,7ti,2018-10-18,10,5,1.42,6.27,0,TRUE
8H360,~iy,2018-10-01,10,2,5.558,31.8,0,TRUE
8h9Ik,AWT,2018-09-18,9,3,1.34,11.52,0,TRUE
8hfa_,8TO,2018-10-27,10,7,2.825,17.4,0,TRUE
8LfQs,lFX,2018-09-19,9,4,0.696,17.7,0,TRUE
8LWb5,AWT,2018-10-18,10,5,6.595,43.75,0,TRUE
8m~qD,F50,2018-10-27,10,7,4.915,31.95,0,TRUE
8MQWv,nRq,2018-10-30,10,3,0.39,3.84,0,TRUE
8PsaM,7ti,2018-08-31,8,6,4,8.05,0,TRUE
8spwt,JFC,2018-10-15,10,2,2.255,8.12,0,TRUE
8tR5Y,AWT,2018-10-22,10,2,3.705,46.93,0,TRUE
8yvfG,0aM,2018-10-03,10,4,6.558,60.41,0,TRUE
9_Owp,uRf,2018-10-26,10,6,6.095,25.72,0,TRUE
9_Vqq,~iy,2018-10-20,10,7,4.046,66.81,0,TRUE
9BOMA,nRq,2018-10-23,10,3,2.5,17.55,0,TRUE
9gWxq,7ti,2018-10-16,10,3,15.135,61.26,0,TRUE
9hTO3,lFX,2018-10-29,10,2,0.2,39,0,TRUE
9I2cp,AWT,2018-10-24,10,4,3.72,19.94,0,TRUE
9I5iO,~iy,2018-10-19,10,6,1,4.5,0,TRUE
9Ixl1,tbv,2018-10-27,10,7,0.982,9.56,0,TRUE
9J8hU,5S8,2018-10-20,10,7,4.18,43.88,0,TRUE
9MY~c,F50,2018-08-03,8,6,3.245,16.26,0,TRUE
9nvNQ,lFX,2018-10-30,10,3,1.362,27.04,0,TRUE
9qcgF,KFW,2018-10-30,10,3,8.334,53.52,0,TRUE
9rJRe,5S8,2018-10-29,10,2,4.56,19.84,0,TRUE
9u2LY,7ti,2018-10-24,10,4,5,22.35,0,TRUE
9ugyo,F50,2018-10-29,10,2,0.765,6.27,0,TRUE
9UyLv,~iy,2018-06-22,6,6,2,4,0,TRUE
9W4i_,AWT,2018-10-31,10,4,2.295,11.99,0,TRUE
9YdHb,bbb,2018-09-27,9,5,4.485,13.34,0,TRUE
9yxto,AWT,2018-08-22,8,4,7.54,50.31,0,TRUE
a_2yD,HYm,2018-10-27,10,7,0.7,18.41,0,TRUE
A0lKH,nRq,2018-10-19,10,6,1.075,14.23,0,TRUE
a1pMb,~iy,2018-10-19,10,6,5.28,41.42,0,TRUE
A1rzd,HYm,2018-10-26,10,6,0.495,6.88,0,TRUE
A2hN9,7XS,2018-10-26,10,6,2.47,22.68,0,TRUE
A35wJ,AWT,2018-08-24,8,6,3.58,25.72,0,TRUE
A3rYP,7ti,2018-02-20,2,3,4.98,15.87,0,TRUE
A3YHZ,sN6,2018-10-31,10,4,2.8,11.64,0,TRUE
A5SJI,AWT,2018-09-05,9,4,1.27,10.98,0,TRUE
a5xOU,Rtw,2018-09-15,9,7,4.245,11.51,0,TRUE
a7Cwa,7ti,2018-10-15,10,2,1.61,8.59,0,TRUE
aCDho,AWT,2018-10-25,10,5,5.335,25.3,0,TRUE
AdvwJ,Rtw,2018-10-15,10,2,3.195,18.62,0,TRUE
aEF64,fDV,2018-10-25,10,5,1,1.95,0,TRUE
aFOcS,7M4,2018-10-30,10,3,1.155,7.38,0,TRUE
Ag2Uo,fDV,2018-10-24,10,4,0.505,6.83,0,TRUE
aGLPp,AWT,2018-10-31,10,4,5.345,36.21,0,TRUE
aGvhw,JFC,2018-09-18,9,3,2.195,9.34,0,TRUE
Ajjgx,8TO,2018-10-31,10,4,0.74,14.31,0,TRUE
ajRX6,~iy,2018-10-16,10,3,1.83,35.07,0,TRUE
al8MJ,uRf,2018-10-22,10,2,2.515,7.76,0,TRUE
albHS,KFW,2018-10-31,10,4,2.64,29.98,0,TRUE
AndiP,AWT,2018-05-05,5,7,1.83,9.39,0,TRUE
APAfN,8TO,2018-09-19,9,4,0.425,1.24,0,TRUE
apkMj,8TO,2018-10-26,10,6,7.95,65.89,0,TRUE
aqcfg,7XS,2018-10-11,10,5,0.495,12.27,0,TRUE
aqERC,7ti,2018-10-31,10,4,4.24,13.24,0,TRUE
aqFNk,~iy,2018-09-18,9,3,3.192,37.18,0,TRUE
AQKzT,0aM,2018-10-30,10,3,3.896,48.33,0,TRUE
ASDMO,fDV,2018-10-18,10,5,0.765,14.07,0,TRUE
aSO3F,AWT,2018-10-19,10,6,3.44,29.35,0,TRUE
aUspH,5S8,2018-10-04,10,5,4.61,30.85,0,TRUE
aV2LP,sN6,2018-10-01,10,2,2.425,22.01,0,TRUE
AW~2s,AWT,2018-01-30,1,3,2.65,4.69,0,TRUE
AYxkJ,0aM,2018-10-25,10,5,2,17.5,0,TRUE
b_7oM,7ti,2018-09-24,9,2,1.745,16.47,0,TRUE
B_ryf,fDV,2018-10-29,10,2,0.17,7.65,0,TRUE
b1Gb3,AWT,2018-10-30,10,3,1.635,17.27,0,TRUE
B2Rlr,KFW,2018-10-25,10,5,2.53,16.9,0,TRUE
b50BK,Rtw,2018-08-14,8,3,2.59,14.3,0,TRUE
b51YU,Rtw,2018-10-20,10,7,2.415,14.27,0,TRUE
B5XKU,5S8,2018-07-23,7,2,1.44,6.56,0,TRUE
b6CHw,5S8,2018-10-05,10,6,3.195,47.12,0,TRUE
b7pyr,7M4,2018-05-18,5,6,8.71,37.61,0,TRUE
B8NSV,Rtw,2018-10-22,10,2,1.02,8.43,0,TRUE
B9YRT,uRf,2018-06-11,6,2,1.23,2.26,0,TRUE
Ba2XN,7XS,2018-09-18,9,3,5.15,11.5,0,TRUE
BAZKn,KFW,2018-10-16,10,3,4.26,64.7,0,TRUE
bDA3f,7ti,2018-09-22,9,7,2.11,41.92,0,TRUE
bETJp,Rtw,2018-10-27,10,7,0.31,11.32,0,TRUE
Bf74v,5S8,2018-10-26,10,6,1.33,44.42,0,TRUE
BFHKl,7XS,2018-10-25,10,5,4.76,64.18,0,TRUE
bFIug,nRq,2018-04-21,4,7,3.485,27.89,0,TRUE
bFnDv,0aM,2018-10-31,10,4,4.392,43.84,0,TRUE
Bg9db,8TO,2018-09-22,9,7,0.1,4.75,0,TRUE
BHy4L,0aM,2018-10-13,10,7,9.19,89.03,0,TRUE
bInCX,fDV,2018-10-25,10,5,11.895,158.92,0,TRUE
bjm6f,bbb,2018-10-10,10,4,1.41,6.02,0,TRUE
bktzH,AWT,2018-09-17,9,2,2.12,27.09,0,TRUE
BlveF,0aM,2018-10-27,10,7,3.508,27.57,0,TRUE
bNEmm,AWT,2018-10-29,10,2,0.865,11.68,0,TRUE
bNg8Z,nRq,2018-10-20,10,7,2.59,11.84,0,TRUE
bnNaP,fDV,2018-02-15,2,5,0.46,18.92,0,TRUE
bNtuI,5S8,2018-10-11,10,5,1.895,28.53,0,TRUE
BOpiq,7M4,2018-10-24,10,4,0.86,7.3,0,TRUE
BPZdK,~iy,2018-09-08,9,7,4.272,39.17,0,TRUE
brXAM,bbb,2018-09-27,9,5,0.445,8.86,0,TRUE
bsgma,7XS,2018-02-09,2,6,0.865,11.16,0,TRUE
bt3t_,AWT,2018-10-11,10,5,0.36,4.14,0,TRUE
BTltu,lFX,2018-10-20,10,7,0.262,3.83,0,TRUE
bTtIM,fDV,2018-10-31,10,4,5.14,45.44,0,TRUE
BVbaD,0aM,2018-10-27,10,7,1.866,41.98,0,TRUE
bW9Ey,0aM,2018-10-01,10,2,4.284,28.54,0,TRUE
BwaKd,7XS,2018-07-02,7,2,1.365,27.62,0,TRUE
Bwufr,5S8,2018-06-23,6,7,3.334,23.47,0,TRUE
bxVcy,bbb,2018-06-29,6,6,3,12.44,0,TRUE
bYBoQ,bbb,2018-10-15,10,2,2.74,18.55,0,TRUE
bYv02,7XS,2018-10-25,10,5,1.15,20.16,0,TRUE
C~~QP,AWT,2018-09-05,9,4,2.055,19.48,0,TRUE
C~V1P,HYm,2018-10-20,10,7,1.735,23.55,0,TRUE
C246n,fDV,2018-10-31,10,4,2.32,6.47,0,TRUE
C4~Wf,7ti,2018-10-31,10,4,6.215,35.96,0,TRUE
C5M91,fDV,2018-10-31,10,4,1,3.5,0,TRUE
c67xU,fDV,2018-06-25,6,2,2.22,34.34,0,TRUE
CACD3,bbb,2018-10-27,10,7,0.415,9.96,0,TRUE
cbJ4e,KFW,2018-10-30,10,3,1.818,32.62,0,TRUE
cbMHp,JFC,2018-06-15,6,6,4.075,13.17,0,TRUE
Cbt37,7ti,2018-06-05,6,3,5.555,42.82,0,TRUE
CDoOY,bbb,2018-10-27,10,7,0.505,27.52,0,TRUE
cdZeG,0aM,2018-10-16,10,3,2.892,31.42,0,TRUE
cEzhG,uRf,2018-10-24,10,4,3.485,25.24,0,TRUE
cF8Ev,7ti,2018-10-31,10,4,2,7,0,TRUE
Cfrk3,8TO,2018-10-22,10,2,1.62,17.28,0,TRUE
cGbZz,uRf,2018-10-19,10,6,4.79,20.34,0,TRUE
CGJVX,uRf,2018-10-20,10,7,3.465,17.35,0,TRUE
cgsEG,7ti,2018-10-31,10,4,2.755,54.24,0,TRUE
CIEZc,KFW,2018-10-29,10,2,0.314,6.04,0,TRUE
CjEfJ,bbb,2018-09-22,9,7,2.72,20.89,0,TRUE
CJm0u,bbb,2018-04-28,4,7,5.145,23.38,0,TRUE
CKgvT,JFC,2018-10-20,10,7,4.475,39.5,0,TRUE
ckhb3,JFC,2018-10-26,10,6,4.34,11.15,0,TRUE
CLIh1,zF~,2018-10-25,10,5,2.075,12.73,0,TRUE
CMRJW,0aM,2018-10-27,10,7,3.68,12.03,0,TRUE
CnwDa,F50,2018-10-30,10,3,0.645,5.07,0,TRUE
cpU1Y,bbb,2018-10-23,10,3,0.885,9.01,0,TRUE
cRa5x,7ti,2018-10-18,10,5,1.155,10.5,0,TRUE
CRENj,5S8,2018-10-26,10,6,2.215,21.83,0,TRUE
ctGd5,7M4,2018-10-31,10,4,0.38,3.23,0,TRUE
CTI6U,0aM,2018-10-27,10,7,4.578,47.06,0,TRUE
cTwzF,uRf,2018-10-11,10,5,2.415,10.12,0,TRUE
cTyfw,7XS,2018-10-20,10,7,0.42,4.7,0,TRUE
cumDr,AWT,2018-10-30,10,3,0.33,4.46,0,TRUE
CuVfe,bbb,2018-10-20,10,7,0.81,21.76,0,TRUE
CVfFd,7ti,2018-06-25,6,2,1.12,11.99,0,TRUE
cvTZe,AWT,2018-10-29,10,2,8.415,22.41,0,TRUE
CwnSh,AWT,2018-10-03,10,4,1.005,12.28,0,TRUE
CX3tl,tbv,2018-10-19,10,6,0.158,1.73,0,TRUE
CXPT5,bbb,2018-10-26,10,6,0.34,26.03,0,TRUE
cZjnk,Rtw,2018-10-31,10,4,4.405,42.05,0,TRUE
d_GDy,AWT,2018-10-22,10,2,3.995,-4.44089209850063e-16,0,TRUE
D~446,JFC,2018-10-10,10,4,0.57,8.36,0,TRUE
d~Fwb,AWT,2018-09-29,9,7,26,112,0,TRUE
d~Lks,lFX,2018-09-21,9,6,1.468,31.93,0,TRUE
d~VFT,tbv,2018-10-10,10,4,1.988,45.1,0,TRUE
d07ih,bbb,2018-10-03,10,4,13,24.68,0,TRUE
d08sv,uRf,2018-10-31,10,4,2.325,14.59,0,TRUE
D3Wyh,nRq,2018-06-28,6,5,10,6.9,0,TRUE
d53gj,fDV,2017-12-07,12,5,2.59,11.35,0,TRUE
D5F0z,KFW,2018-10-22,10,2,0.544,13.11,0,TRUE
d5i2K,nRq,2018-10-31,10,4,1.97,10.73,0,TRUE
d5ToH,zF~,2018-10-25,10,5,1.475,14.67,0,TRUE
d6GDr,KFW,2018-04-10,4,3,1.272,13.94,0,TRUE
D7w5Y,AWT,2018-10-25,10,5,1.38,16.7,0,TRUE
D918i,~iy,2018-10-27,10,7,7.722,31.99,0,TRUE
Daxhf,7ti,2018-08-01,8,4,0.41,2.79,0,TRUE
DCO6q,5S8,2018-10-30,10,3,5.14,55.74,0,TRUE
dCs_R,5S8,2018-05-16,5,4,1,3.9,0,TRUE
DCtQk,JFC,2017-02-13,2,2,0.785,9.1,0,TRUE
DdAnk,AWT,2018-10-22,10,2,1.89,11.98,0,TRUE
dDCHC,bbb,2018-10-24,10,4,11.95,21.89,0,TRUE
DDDsm,AWT,2018-09-25,9,3,2.765,22.49,0,TRUE
Ded2T,uRf,2016-11-30,11,4,3.58,21.63,0,TRUE
DFdP5,KFW,2018-10-29,10,2,3.798,20.07,0,TRUE
DFJ4J,AWT,2018-09-15,9,7,13.195,58.49,0,TRUE
dGq11,0aM,2018-09-14,9,6,27.542,69.12,0,TRUE
DHI23,AWT,2018-10-30,10,3,0.61,9.14,0,TRUE
dhrcA,KFW,2018-09-24,9,2,2.874,20.38,0,TRUE
DHVEo,AWT,2018-09-13,9,5,2.585,25.41,0,TRUE
DKByJ,0aM,2018-07-26,7,5,1.872,20.57,0,TRUE
DL4YJ,Ed0,2018-10-01,10,2,0.375,7.37,0,TRUE
Dli0n,bbb,2018-10-11,10,5,0.34,7.8,0,TRUE
dnRMX,JFC,2018-10-26,10,6,4.265,38.63,0,TRUE
DP0xz,7ti,2018-10-27,10,7,5.385,53.25,0,TRUE
DPsaj,bbb,2018-09-17,9,2,2.97,26.38,0,TRUE
DQYII,AWT,2018-03-31,3,7,3.15,34.28,0,TRUE
dRB2M,0aM,2018-10-22,10,2,5.32,82.8,0,TRUE
DTRDk,AWT,2018-10-17,10,4,1.395,20.92,0,TRUE
DuZKj,7XS,2018-10-26,10,6,2.005,18.83,0,TRUE
dVb9F,uRf,2018-10-18,10,5,1.425,4.13,0,TRUE
DvxYD,F50,2018-10-27,10,7,0.57,3.93,0,TRUE
DW5Ij,JFC,2018-10-29,10,2,1.165,2.98,0,TRUE
dy7ba,fDV,2018-10-20,10,7,4.81,33.98,0,TRUE
DYeM~,JFC,2018-10-27,10,7,1.015,18.79,0,TRUE
dyEXf,fDV,2018-10-03,10,4,3,5.9,0,TRUE
DyPXM,AWT,2018-10-24,10,4,3.105,20.43,0,TRUE
e__sj,~iy,2018-10-05,10,6,2.194,30.38,0,TRUE
e~WT8,fDV,2018-10-26,10,6,5.35,58.02,0,TRUE
e1CQU,AWT,2018-09-19,9,4,3.29,38.5,0,TRUE
E4FrE,8TO,2018-10-29,10,2,7.185,46.3,0,TRUE
e6nZC,F50,2018-10-30,10,3,1.345,10.59,0,TRUE
e77YF,5S8,2018-10-31,10,4,1,6.95,0,TRUE
EA2eK,7ti,2018-10-19,10,6,10.275,51.49,0,TRUE
eAQ03,~iy,2018-08-31,8,6,2.182,25.5,0,TRUE
ECirm,AWT,2018-10-27,10,7,11.65,85.32,0,TRUE
eeEc4,tbv,2018-10-23,10,3,3.22,25.73,0,TRUE
EFB_m,5S8,2018-10-20,10,7,0.445,7.26,0,TRUE
Eg~2o,tbv,2018-09-06,9,5,4.086,23.08,0,TRUE
egEv_,F50,2018-09-28,9,6,1.065,9.19,0,TRUE
eGlal,Ed0,2018-10-30,10,3,4.05,33.73,0,TRUE
eHEan,AWT,2018-10-13,10,7,4.54,27.22,0,TRUE
eInwb,F50,2018-10-27,10,7,2.2,18.28,0,TRUE
EiQdX,F50,2018-04-19,4,5,0.83,3.52,0,TRUE
eISs5,JFC,2018-10-30,10,3,5.915,27.5,0,TRUE
ej5CC,5S8,2018-10-24,10,4,2.49,2,0,TRUE
EKbr8,7XS,2018-10-01,10,2,0.315,4.69,0,TRUE
ekfDA,AWT,2018-10-30,10,3,5.16,43.08,0,TRUE
EKG7d,AWT,2018-09-28,9,6,5.82,68.4,0,TRUE
EKKI5,AWT,2018-08-14,8,3,3.965,35.51,0,TRUE
Ekmwx,7ti,2018-09-19,9,4,3.14,15.9,0,TRUE
Em1R9,8TO,2018-10-16,10,3,13.25,96.37,0,TRUE
emrkB,uRf,2018-10-31,10,4,1.515,18.74,0,TRUE
enysd,tbv,2018-10-30,10,3,2.44,33.84,0,TRUE
EoRYR,F50,2018-10-31,10,4,0.8,5.76,0,TRUE
EOZgc,5S8,2018-10-29,10,2,6,10.2,0,TRUE
EpmBF,uRf,2017-12-23,12,7,9.775,72.67,0,TRUE
eqDoA,bbb,2018-10-31,10,4,14.855,71.8,0,TRUE
EQFYq,7ti,2018-10-31,10,4,1.285,29.44,0,TRUE
EQwz_,0aM,2018-08-20,8,2,1.714,19.93,0,TRUE
er6ic,~iy,2018-10-16,10,3,0.72,6.89,0,TRUE
eRACn,7ti,2018-10-22,10,2,2.71,18.36,0,TRUE
ERtk8,7ti,2018-09-10,9,2,4.01,40.01,0,TRUE
ERxTi,7ti,2018-10-15,10,2,3.365,4.68,0,TRUE
Eul__,8TO,2018-10-11,10,5,6.585,74.29,0,TRUE
EWN0K,nRq,2018-10-26,10,6,0.81,10.88,0,TRUE
eWvjE,7ti,2018-10-31,10,4,3.83,23.02,0,TRUE
EzFlV,AWT,2018-10-18,10,5,2.53,26.15,0,TRUE
EzGPC,F50,2018-10-26,10,6,15.245,52.17,0,TRUE
F_q7l,fDV,2018-10-02,10,3,1.535,6.39,0,TRUE
F19wF,uRf,2018-04-20,4,6,5.83,18.22,0,TRUE
F5Pzb,7M4,2018-10-27,10,7,6.175,8.59,0,TRUE
f7yre,5S8,2018-07-18,7,4,1,6.95,0,TRUE
F8Xl8,7ti,2018-08-04,8,7,4.82,39.42,0,TRUE
F9Q3r,bbb,2018-09-28,9,6,2,12.25,0,TRUE
FAH4r,KFW,2018-10-31,10,4,4.04,77.68,0,TRUE
fCEfv,7ti,2018-09-18,9,3,0.35,7.82,0,TRUE
fdALP,JFC,2018-10-27,10,7,0.73,5.94,0,TRUE
fDVzV,uRf,2018-09-18,9,3,3.55,6.08,0,TRUE
fFmv_,KFW,2018-10-19,10,6,1.868,63.71,0,TRUE
fFz92,bbb,2018-10-26,10,6,10.365,22.81,0,TRUE
fioMb,AWT,2018-09-08,9,7,3.315,13.19,0,TRUE
flXFm,bbb,2018-09-27,9,5,0.6,9.9,0,TRUE
fnHaM,5S8,2018-10-30,10,3,2.375,15.33,0,TRUE
fNKzK,fDV,2018-10-24,10,4,1.295,13.36,0,TRUE
fNyeM,~iy,2018-10-30,10,3,4,21.8,0,TRUE
fNyJB,~iy,2018-10-27,10,7,0.766,22.87,0,TRUE
fpcpz,fDV,2018-10-31,10,4,6.505,45.96,0,TRUE
fQUul,fDV,2018-10-29,10,2,1.05,8.45,0,TRUE
fRecc,Ed0,2018-07-05,7,5,1.8,21.08,0,TRUE
fRr7w,AWT,2018-10-30,10,3,3.595,25.75,0,TRUE
FYsSa,sN6,2018-10-25,10,5,4.675,19.97,0,TRUE
FZJ19,fDV,2018-10-11,10,5,0.96,12.09,0,TRUE
FZpQF,Ed0,2018-09-14,9,6,0.09,1.67,0,TRUE
fZSLV,7M4,2018-10-27,10,7,5.5,26.58,0,TRUE
g~9Lo,AWT,2018-10-27,10,7,2.585,57.54,0,TRUE
G02xI,0aM,2018-10-13,10,7,1.716,30.37,0,TRUE
g1WSb,uRf,2018-10-24,10,4,1.03,9.78,0,TRUE
G2peN,~iy,2018-10-25,10,5,3.138,27.21,0,TRUE
g5EuH,7M4,2018-10-27,10,7,5.7,39.33,0,TRUE
g5L2E,fDV,2018-10-26,10,6,1.865,40.98,0,TRUE
G5S7W,bbb,2018-10-31,10,4,0.155,15.34,0,TRUE
G5XOW,5S8,2018-10-23,10,3,4.27,10.04,0,TRUE
G6y~K,bbb,2018-10-22,10,2,2.52,9.28,0,TRUE
g9eyT,bbb,2018-10-26,10,6,1,8.95,0,TRUE
G9S8r,8TO,2018-10-31,10,4,2.625,23.49,0,TRUE
gC4oo,AWT,2018-07-12,7,5,3.305,25.67,0,TRUE
GciUf,~iy,2018-10-20,10,7,3.636,57.44,0,TRUE
gCpAn,7ti,2018-10-26,10,6,0.235,3.27,0,TRUE
GcpaY,bbb,2018-07-14,7,7,0.23,3.11,0,TRUE
gCrhb,AWT,2018-10-13,10,7,5.245,71.64,0,TRUE
Gdosi,AWT,2018-10-27,10,7,2.575,34.37,0,TRUE
gE0qd,fDV,2018-10-19,10,6,5.525,37.11,0,TRUE
gemZB,fDV,2018-10-26,10,6,5.2,75.78,0,TRUE
GEt93,7XS,2018-10-11,10,5,5.42,24.77,0,TRUE
gfFHc,AWT,2018-10-11,10,5,7.12,52.32,0,TRUE
GgEPo,~iy,2018-10-16,10,3,9.532,41.8,0,TRUE
ggpZQ,zF~,2018-09-20,9,5,0.785,15.81,0,TRUE
ggVXa,fDV,2018-10-29,10,2,2.08,38.21,0,TRUE
GI0AR,8TO,2018-10-26,10,6,2.69,27.53,0,TRUE
Gi9zd,tbv,2018-10-31,10,4,9.87,114.57,0,TRUE
gIMH7,7XS,2018-10-02,10,3,1.87,22.2,0,TRUE
gkX2Z,5S8,2018-05-12,5,7,2.785,26.92,0,TRUE
gL96v,0aM,2018-10-27,10,7,5.564,46.42,0,TRUE
gLZpZ,7ti,2018-07-17,7,3,1.75,19.82,0,TRUE
Gm~mF,AWT,2018-09-24,9,2,2.325,26.28,0,TRUE
gNtdi,7ti,2018-09-13,9,5,2,10.75,0,TRUE
GOiIx,bbb,2018-10-10,10,4,0.21,2.07,0,TRUE
gQe30,AWT,2018-10-31,10,4,0.225,5.49,0,TRUE
Gr0uX,AWT,2018-10-05,10,6,1,3,0,TRUE
gRcaV,nRq,2018-10-20,10,7,1.41,13.75,0,TRUE
Gs~DY,Ed0,2018-10-29,10,2,1.56,39.55,0,TRUE
gS9UL,AWT,2018-09-20,9,5,2.17,16.76,0,TRUE
GSXC1,0aM,2018-09-29,9,7,13.68,97.34,0,TRUE
guohM,fDV,2018-10-11,10,5,2.626,40.81,0,TRUE
gV36Q,7XS,2018-10-24,10,4,0.34,6.34,0,TRUE
gVbwT,5S8,2018-09-29,9,7,2,8,0,TRUE
GVg9J,Rtw,2018-10-29,10,2,2.265,14.18,0,TRUE
GZ4j6,uRf,2018-10-27,10,7,7.155,24.69,0,TRUE
h26f8,KFW,2018-10-26,10,6,6.82,86.04,0,TRUE
H3Iaq,bbb,2018-10-25,10,5,1.435,16.11,0,TRUE
H65PJ,5S8,2018-10-27,10,7,0.63,22.42,0,TRUE
H7tL5,uRf,2018-10-06,10,7,1.27,51.99,0,TRUE
H7zMR,tbv,2018-10-10,10,4,0.588,11.45,0,TRUE
h8V8L,lFX,2018-10-13,10,7,1.102,70.57,0,TRUE
H9cLm,fDV,2018-10-19,10,6,0.705,9.8,0,TRUE
h9DWG,fDV,2018-09-15,9,7,3.561,18.26,0,TRUE
HAKp1,AWT,2018-10-26,10,6,10.25,61.97,0,TRUE
Hb7X6,fDV,2018-10-31,10,4,0.885,33.18,0,TRUE
Hbelr,~iy,2018-10-10,10,4,0.464,10.52,0,TRUE
HBfoM,7ti,2018-06-14,6,5,3.05,31.43,0,TRUE
HF7~3,~iy,2018-07-03,7,3,1.506,14.74,0,TRUE
HGEu6,7ti,2018-07-27,7,6,4,20.9,0,TRUE
hGiKT,fDV,2018-10-09,10,3,3.37,45.97,0,TRUE
hGz9D,~iy,2018-10-30,10,3,0.614,6.51,0,TRUE
HHDB9,KFW,2018-10-26,10,6,0.134,2.29,0,TRUE
hhhlO,0aM,2018-10-30,10,3,3.484,14.28,0,TRUE
hhpNp,sN6,2018-10-20,10,7,0.23,12.64,0,TRUE
HHV_8,KFW,2018-10-24,10,4,0,0,0,TRUE
hJa4v,KFW,2018-10-29,10,2,1.952,13.45,0,TRUE
hmJiO,7XS,2018-10-31,10,4,0.5,13.6,0,TRUE
hMTY2,AWT,2018-10-22,10,2,3.365,15.12,0,TRUE
hoLgI,5S8,2018-10-23,10,3,3.735,44.85,0,TRUE
hOT_L,AWT,2018-10-30,10,3,2.64,13.49,0,TRUE
hq_mx,sN6,2018-10-29,10,2,2.045,14.18,0,TRUE
hQ8dW,bbb,2018-09-17,9,2,2.025,22.66,0,TRUE
HsOmt,7ti,2018-08-02,8,5,3.755,51.32,0,TRUE
HtXId,7ti,2018-10-26,10,6,0.27,3.75,0,TRUE
hu1h4,AWT,2018-10-30,10,3,7.925,68.06,0,TRUE
Hu2L4,~iy,2018-10-20,10,7,6.366,79.1,0,TRUE
huWa5,KFW,2018-10-26,10,6,4.226,70.21,0,TRUE
HVeBK,KFW,2018-10-24,10,4,1.018,11.1,0,TRUE
hVNK_,7ti,2018-10-05,10,6,4,19.85,0,TRUE
hVXk6,7ti,2018-09-27,9,5,3.435,8.02,0,TRUE
hXP2t,bbb,2018-10-11,10,5,2.695,25.86,0,TRUE
hXqES,AWT,2018-10-05,10,6,2.225,16.78,0,TRUE
HYvOk,fDV,2018-07-10,7,3,2,2.4,0,TRUE
hzS9Y,uRf,2018-10-25,10,5,2.775,32.54,0,TRUE
hZXaD,fDV,2018-10-09,10,3,2.995,25.1,0,TRUE
i_SB2,fDV,2018-10-31,10,4,6.16,5.94,0,TRUE
I07rR,7ti,2018-10-11,10,5,3.755,37.66,0,TRUE
i0QZC,AWT,2018-04-05,4,5,0.2,11.4,0,TRUE
I3rRj,8TO,2018-10-26,10,6,6.195,56.52,0,TRUE
i4awU,Ed0,2018-10-11,10,5,6.865,35.11,0,TRUE
I5Isn,JFC,2018-10-05,10,6,3.21,24.67,0,TRUE
I6JXt,nRq,2018-10-18,10,5,1,14.6,0,TRUE
i7Dc7,0aM,2018-09-26,9,4,2.6,29.34,0,TRUE
ia2pY,lFX,2018-10-13,10,7,1.636,25.96,0,TRUE
iCDpS,AWT,2018-10-30,10,3,12.04,42.91,0,TRUE
iE96A,8TO,2018-10-27,10,7,2,7.72,0,TRUE
IeR9V,AWT,2018-10-27,10,7,0.535,27.25,0,TRUE
iERLE,bbb,2018-05-25,5,6,0.19,5.23,0,TRUE
IF5KB,7ti,2018-09-29,9,7,2.325,12.81,0,TRUE
iFC7x,AWT,2018-10-22,10,2,3,11.38,0,TRUE
Ifz_5,AWT,2018-08-12,8,1,2.25,30.23,0,TRUE
iHFRb,~iy,2018-10-26,10,6,5.252,32.37,0,TRUE
iHwQm,~iy,2018-10-13,10,7,3.068,43.73,0,TRUE
ImvyG,AWT,2018-10-30,10,3,1.79,9.05,0,TRUE
inDY6,bbb,2018-10-26,10,6,1.715,35.11,0,TRUE
iohwE,bbb,2018-10-18,10,5,2.235,30.12,0,TRUE
ISEN2,Ed0,2018-10-26,10,6,1.365,21.64,0,TRUE
IsklD,Ed0,2018-10-03,10,4,14.23,49.54,0,TRUE
ITQ3q,5S8,2018-10-27,10,7,10.26,26.33,0,TRUE
iuanU,bbb,2018-10-22,10,2,0.165,3.71,0,TRUE
IV2UR,AWT,2018-08-28,8,3,3.525,26.17,0,TRUE
Ivs4U,tbv,2018-10-27,10,7,1.426,10.88,0,TRUE
IWbMH,KFW,2018-10-22,10,2,1.782,22.07,0,TRUE
iwYWU,uRf,2018-09-20,9,5,5.86,37.02,0,TRUE
IXPP0,JFC,2018-10-20,10,7,1.69,14.35,0,TRUE
IyXWy,AWT,2018-10-10,10,4,0.355,4.58,0,TRUE
iZqwi,~iy,2018-10-25,10,5,1.194,27.05,0,TRUE
J_T8J,lFX,2018-10-27,10,7,2.144,19.9,0,TRUE
j_uJe,F50,2018-10-16,10,3,1.62,15.69,0,TRUE
j1wq0,AWT,2018-10-27,10,7,4.42,53.35,0,TRUE
j45RO,7ti,2018-09-19,9,4,0.375,24.44,0,TRUE
jaNWS,lFX,2018-09-18,9,3,3.244,6.64,0,TRUE
JdB5g,7ti,2018-10-26,10,6,2,15,0,TRUE
jDyZE,7M4,2018-10-23,10,3,0.3,4.77,0,TRUE
JFObD,7XS,2018-10-11,10,5,2.825,25.55,0,TRUE
JG~Fg,JFC,2018-10-27,10,7,2.53,15.66,0,TRUE
JgB3o,tbv,2018-10-13,10,7,1.504,6.95,0,TRUE
JH79D,7ti,2018-10-19,10,6,1.93,13.44,0,TRUE
jhXvF,AWT,2018-10-29,10,2,1.74,14.87,0,TRUE
jkjMz,fDV,2018-10-05,10,6,3.245,27.53,0,TRUE
jL2H_,AWT,2018-10-26,10,6,2.55,18.51,0,TRUE
jLXxB,5S8,2018-09-04,9,3,0.34,6.33,0,TRUE
JN2bF,JFC,2018-10-26,10,6,4.595,33.43,0,TRUE
jNDZ9,fDV,2018-10-04,10,5,9.255,23.3,0,TRUE
jPlTt,7M4,2018-10-25,10,5,0.72,14.92,0,TRUE
jRdYv,bbb,2018-10-29,10,2,1.85,28.72,0,TRUE
js1p3,AWT,2018-10-31,10,4,5.18,27.77,0,TRUE
JSlVy,5S8,2018-09-17,9,2,0.85,21.03,0,TRUE
jTjY9,~iy,2018-06-20,6,4,0.504,6.77,0,TRUE
jTQ_r,KFW,2018-10-31,10,4,4.064,61.35,0,TRUE
jup8f,fDV,2018-10-22,10,2,3.045,0,0,TRUE
JV8Z6,~iy,2018-08-30,8,5,3.636,31.8,0,TRUE
JVgLs,5S8,2018-09-20,9,5,4.99,51.9,0,TRUE
JWq~F,0aM,2018-10-20,10,7,2.33,18.16,0,TRUE
jXs1a,Ed0,2018-03-24,3,7,1.31,15.38,0,TRUE
jyg21,uRf,2018-05-31,5,5,0.33,3.58,0,TRUE
jYtfl,uRf,2018-08-31,8,6,1.985,6.92,0,TRUE
JyWip,~iy,2018-09-05,9,4,2.294,20.36,0,TRUE
jZkzY,7ti,2018-10-26,10,6,2.87,26.13,0,TRUE
k_waX,uRf,2018-09-29,9,7,0.43,4.21,0,TRUE
K6J~P,7ti,2018-10-22,10,2,4.405,24.85,0,TRUE
K7wI8,uRf,2018-10-31,10,4,8.11,42.04,0,TRUE
kBAQg,AWT,2018-10-23,10,3,0.75,23.36,0,TRUE
KbfET,5S8,2018-07-24,7,3,8.05,54.84,0,TRUE
kBzxz,KFW,2018-10-20,10,7,3.928,26.8,0,TRUE
KcaWf,fDV,2018-09-27,9,5,2.67,27.69,0,TRUE
kCUE_,nRq,2018-10-11,10,5,0.915,10.45,0,TRUE
Kd3bJ,tbv,2018-10-31,10,4,0.26,4.45,0,TRUE
KDl8A,J5B,2018-07-26,7,5,2.04,29.23,0,TRUE
kdxka,F50,2018-10-19,10,6,5.825,32.9,0,TRUE
KEb48,bbb,2018-04-12,4,5,1.16,6.55,0,TRUE
kFgCI,5S8,2018-10-24,10,4,0.4,5.92,0,TRUE
khmKq,uRf,2018-04-17,4,3,1.37,4.74,0,TRUE
kIwIl,5S8,2018-09-19,9,4,1.48,14.35,0,TRUE
KK_5w,0aM,2018-10-15,10,2,3.106,34.17,0,TRUE
KK4VV,F50,2018-10-29,10,2,1.145,2.71,0,TRUE
kKGyC,7ti,2018-10-26,10,6,1.14,24.32,0,TRUE
kLHmH,5S8,2018-07-14,7,7,3,15.95,0,TRUE
kN0_F,AWT,2018-10-29,10,2,7.79,21.69,0,TRUE
KnAjT,tbv,2018-10-20,10,7,2.038,52.46,0,TRUE
KnHus,5S8,2018-10-27,10,7,7.01,50.7,0,TRUE
knWev,7ti,2018-09-28,9,6,3.87,45.8,0,TRUE
Kosu3,7XS,2018-10-30,10,3,0.395,6.79,0,TRUE
KoXZx,lFX,2018-10-13,10,7,1.05,7.73,0,TRUE
KqHAg,7XS,2018-10-30,10,3,2.12,8.88178419700125e-16,0,TRUE
kqoUE,bbb,2018-10-04,10,5,1.2,7.35,0,TRUE
kr6Ta,bbb,2018-10-31,10,4,0.485,4.77,0,TRUE
Kw4sV,HYm,2018-10-23,10,3,0.245,7.96,0,TRUE
l~2Bv,fDV,2018-09-22,9,7,4.395,14.58,0,TRUE
l~JTu,5S8,2018-09-26,9,4,2.75,30.76,0,TRUE
l5OFG,sN6,2018-08-06,8,2,12.785,18.4,0,TRUE
l7FQy,KFW,2018-08-18,8,7,2.248,18.01,0,TRUE
l7Ym5,fDV,2018-10-31,10,4,5.505,61.81,0,TRUE
l8buC,7XS,2018-10-17,10,4,30,19.5,0,TRUE
l9juI,~iy,2018-10-22,10,2,6.922,36.81,0,TRUE
Lajl3,Ed0,2018-01-04,1,5,1,135,0,TRUE
LalN8,uRf,2018-09-03,9,2,2.255,16.76,0,TRUE
LBbX1,J5B,2018-09-04,9,3,0.7,11.75,0,TRUE
LcvMg,bbb,2018-10-27,10,7,9.91,56.34,0,TRUE
LeP5G,Rtw,2018-10-27,10,7,3.705,16.15,0,TRUE
lF4By,tbv,2018-10-27,10,7,1.608,24.81,0,TRUE
Lf6FF,nRq,2018-10-31,10,4,0.88,10.52,0,TRUE
Lg5DL,fDV,2018-10-26,10,6,1,1.95,0,TRUE
lhC4n,fDV,2018-10-26,10,6,3.475,28.33,0,TRUE
Ljfah,8TO,2018-10-25,10,5,0.99,28.48,0,TRUE
LK3DH,nRq,2018-07-04,7,4,0.335,4.98,0,TRUE
lkDGI,~iy,2018-10-27,10,7,3.472,65.42,0,TRUE
LlRvy,7M4,2018-07-16,7,2,2.745,33.17,0,TRUE
LMmIq,KFW,2018-10-31,10,4,2.326,23.43,0,TRUE
LNi6q,sN6,2018-10-27,10,7,4.565,38.87,0,TRUE
lQHVo,~iy,2018-10-03,10,4,1.942,10.44,0,TRUE
lQvZU,AWT,2018-10-25,10,5,3.345,57.81,0,TRUE
lQZ4j,7ti,2018-10-29,10,2,2.365,17.6,0,TRUE
LrUJX,~iy,2018-10-03,10,4,0.576,7.26,0,TRUE
lT1hO,5S8,2018-10-29,10,2,0.66,12.94,0,TRUE
LUbgG,bbb,2018-10-29,10,2,0.28,9.24,0,TRUE
lvQ0q,uRf,2018-10-26,10,6,6.275,24.66,0,TRUE
lWmTj,bbb,2018-10-31,10,4,2.325,26.8,0,TRUE
LYCBi,7XS,2018-10-30,10,3,2.065,19.48,0,TRUE
lYqdK,0aM,2018-09-24,9,2,2.066,14.17,0,TRUE
LyusC,fDV,2018-10-31,10,4,14.825,23.87,0,TRUE
lZb_g,7ti,2018-09-13,9,5,3,13.95,0,TRUE
LZkyn,AWT,2018-10-31,10,4,3.74,94.24,0,TRUE
M_pn8,7ti,2018-10-26,10,6,1.58,13.3,0,TRUE
m0onC,KFW,2018-08-04,8,7,2.408,10.11,0,TRUE
M1Xsl,fDV,2018-10-31,10,4,2.66,18.3,0,TRUE
M2_Ct,AWT,2018-10-02,10,3,0.25,9.75,0,TRUE
M6hH_,~iy,2018-10-18,10,5,0.334,5.18,0,TRUE
M7QHZ,7ti,2018-10-29,10,2,0.585,4.89,0,TRUE
mBN7o,sN6,2018-10-31,10,4,3.935,19.05,0,TRUE
mBqag,bbb,2018-10-31,10,4,6.21,37.11,0,TRUE
mD9fZ,JFC,2018-10-31,10,4,3.68,19.58,0,TRUE
MdSAI,AWT,2018-10-24,10,4,2,9.5,0,TRUE
mEURL,tbv,2018-09-01,9,7,4.856,24.49,0,TRUE
Mf4ZC,AWT,2018-10-27,10,7,5.545,38.44,0,TRUE
mF79K,F50,2018-10-31,10,4,3.475,21.39,0,TRUE
mh4Fa,~iy,2018-10-29,10,2,3.15,29.68,0,TRUE
mI~Yb,uRf,2018-10-31,10,4,2.58,6.64,0,TRUE
mmZs4,0aM,2018-09-21,9,6,2.728,56.97,0,TRUE
MOBZv,~iy,2018-10-19,10,6,14.22,138.61,0,TRUE
mpfdb,7ti,2018-10-27,10,7,7.895,39.79,0,TRUE
MPRkr,fDV,2018-10-31,10,4,0.45,10.43,0,TRUE
MqCm4,bbb,2018-10-15,10,2,3.17,39.4,0,TRUE
mQHa1,0aM,2018-10-30,10,3,3.184,34.36,0,TRUE
MqSqm,nRq,2018-10-24,10,4,1.18,11.38,0,TRUE
MRaBF,AWT,2018-10-31,10,4,1.835,13.39,0,TRUE
MrHa6,7XS,2018-10-27,10,7,23.525,74.96,0,TRUE
mS3PY,7ti,2018-10-13,10,7,9.125,44.94,0,TRUE
mT9d3,HYm,2018-10-27,10,7,2.365,16.45,0,TRUE
Muhyz,F50,2018-10-17,10,4,1.725,13.87,0,TRUE
Mv~T6,JFC,2018-09-28,9,6,2.855,23.59,0,TRUE
mvq9L,F50,2018-10-05,10,6,3,3.12,0,TRUE
MxZ~F,nRq,2018-10-26,10,6,0.73,10.04,0,TRUE
my23F,AWT,2018-02-10,2,7,5.665,49.2,0,TRUE
MYcvo,J5B,2018-10-31,10,4,3.325,30.42,0,TRUE
mzkZm,~iy,2017-12-15,12,6,0.768,20.32,0,TRUE
N2PXg,fDV,2018-10-19,10,6,2.235,24.07,0,TRUE
n7qyQ,Rtw,2018-10-29,10,2,0.45,9.62,0,TRUE
NAKla,F50,2018-10-30,10,3,3.53,19.06,0,TRUE
naxTG,nRq,2018-10-18,10,5,0.225,1.45,0,TRUE
nbO0D,sN6,2018-09-20,9,5,1.91,9.97,0,TRUE
NBUvB,7ti,2018-09-21,9,6,2,4.65,0,TRUE
NCsZb,7ti,2018-10-19,10,6,7.08,64.74,0,TRUE
NdqO0,bbb,2018-10-30,10,3,6,4.14,0,TRUE
NEGLd,nRq,2018-10-30,10,3,0.505,29.05,0,TRUE
nF4DQ,7XS,2018-09-28,9,6,0.66,11.78,0,TRUE
nfV_Q,0aM,2018-10-27,10,7,12.53,115.71,0,TRUE
NgJ0D,7ti,2018-10-29,10,2,1,6.95,0,TRUE
nkB51,tbv,2018-10-30,10,3,0.694,12.11,0,TRUE
NM2V9,0aM,2018-09-08,9,7,4.354,41.64,0,TRUE
nnEsU,tbv,2018-10-31,10,4,1.166,33.53,0,TRUE
NNYBY,JFC,2018-06-07,6,5,3.065,10.34,0,TRUE
nOgNJ,AWT,2018-05-30,5,4,1,11,0,TRUE
nOgqC,bbb,2018-08-31,8,6,0.205,4.06,0,TRUE
nOuJp,Ed0,2018-10-16,10,3,2.74,54.31,0,TRUE
nPKy6,KFW,2018-10-31,10,4,2.184,44.74,0,TRUE
NsW3N,7XS,2018-10-31,10,4,1.43,21.96,0,TRUE
NtQtl,AWT,2018-10-30,10,3,11.43,58.78,0,TRUE
NuD7j,5S8,2018-10-30,10,3,0.105,1.34,0,TRUE
nuoy7,bbb,2018-10-23,10,3,12.11,15.87,0,TRUE
nwIbY,AWT,2018-10-19,10,6,0.3,4.51,0,TRUE
nZI_S,AWT,2018-10-24,10,4,2.365,27.25,0,TRUE
o_W5E,sN6,2018-03-07,3,4,1.21,3.55,0,TRUE
O~_DM,5S8,2018-10-23,10,3,0.595,6.37,0,TRUE
o~tON,AWT,2018-10-29,10,2,3.305,24.43,0,TRUE
o1rdN,Ed0,2018-10-09,10,3,5,11.38,0,TRUE
O3rEY,bbb,2018-08-25,8,7,2.575,34.74,0,TRUE
O7_Cx,~iy,2018-10-26,10,6,1.6,11.1,0,TRUE
Oawwn,7ti,2018-09-22,9,7,1.27,18.48,0,TRUE
obiYj,KFW,2018-10-26,10,6,0.746,8.06,0,TRUE
OCWu_,bbb,2018-10-31,10,4,0.24,3.34,0,TRUE
OEb~D,AWT,2016-09-26,9,2,0.68,10.5,0,TRUE
OIOzk,JFC,2018-05-23,5,4,1.51,11.41,0,TRUE
ok6Wc,KFW,2018-10-22,10,2,0.57,3.93,0,TRUE
oKKST,Ed0,2018-10-15,10,2,2.22,9.3,0,TRUE
OLiNy,HYm,2018-10-06,10,7,1.64,25.04,0,TRUE
oLQdZ,lFX,2018-10-31,10,4,0,0,0,TRUE
OlXun,AWT,2018-09-21,9,6,2.165,19.2,0,TRUE
om0b8,8TO,2018-10-29,10,2,1.57,10.8,0,TRUE
OnWdT,~iy,2018-10-29,10,2,0.356,18.54,0,TRUE
OoRna,KFW,2018-10-31,10,4,1.69,26.01,0,TRUE
OPYO6,JFC,2018-10-10,10,4,2.255,20.45,0,TRUE
oRv79,7ti,2018-10-31,10,4,21.675,89.05,0,TRUE
oSYDx,fDV,2018-10-01,10,2,4.905,35.17,0,TRUE
oT63B,uRf,2018-09-15,9,7,4.225,18.55,0,TRUE
OuiHe,fDV,2018-10-02,10,3,15.105,35.25,0,TRUE
OvroF,lFX,2018-10-26,10,6,1.242,67.93,0,TRUE
OwC2g,8TO,2018-10-15,10,2,2.2,2.8,0,TRUE
OwD~~,uRf,2018-10-18,10,5,0.16,3.79,0,TRUE
OWkzj,Ed0,2018-10-31,10,4,0.57,6.6,0,TRUE
ows9Y,HYm,2018-10-27,10,7,2.22,25,0,TRUE
Oy_NP,8TO,2018-10-29,10,2,2.08,4.46,0,TRUE
P_aJO,8TO,2018-10-26,10,6,6.235,50.26,0,TRUE
P_E9d,Ed0,2018-10-31,10,4,2,38,0,TRUE
p_TMZ,8TO,2018-07-13,7,6,3.75,25.79,0,TRUE
p_uLi,HYm,2018-10-20,10,7,0.955,10.67,0,TRUE
p0jWn,J5B,2018-10-31,10,4,1.75,9.58,0,TRUE
P0UJc,F50,2018-10-31,10,4,0.635,10.37,0,TRUE
p2j4g,tbv,2018-10-31,10,4,0.408,5.51,0,TRUE
P399V,fDV,2018-10-25,10,5,0.295,6.15,0,TRUE
P3rZv,AWT,2018-08-25,8,7,3.77,26.82,0,TRUE
pAdmp,fDV,2018-09-15,9,7,5.01,66.95,0,TRUE
PbSPw,AWT,2018-09-01,9,7,24.305,48.65,0,TRUE
pd2MF,Ed0,2018-10-18,10,5,1.56,22.03,0,TRUE
Pe2MX,5S8,2018-10-31,10,4,4.03,42.08,0,TRUE
PeYJt,~iy,2018-10-25,10,5,5.276,88.95,0,TRUE
pGQ1j,0aM,2018-10-31,10,4,3.018,44,0,TRUE
piZCm,Ed0,2018-10-01,10,2,3.885,15.18,0,TRUE
pjgwl,AWT,2018-10-05,10,6,3.1,39.95,0,TRUE
PK3BP,uRf,2018-10-15,10,2,2.91,31.12,0,TRUE
pkYjz,F50,2018-06-26,6,3,0.725,7.86,0,TRUE
PlETt,AWT,2018-10-30,10,3,1.295,17.06,0,TRUE
PNesF,uRf,2018-09-11,9,3,0.725,9.99,0,TRUE
pOpFk,bbb,2018-10-24,10,4,10.27,31.09,0,TRUE
PqLEp,Ed0,2018-10-26,10,6,10.36,14.09,0,TRUE
prfWx,0aM,2018-10-19,10,6,4.214,42.07,0,TRUE
pScp9,tbv,2018-03-20,3,3,2.526,16.89,0,TRUE
pSiFC,fDV,2018-10-30,10,3,2.285,11.76,0,TRUE
PTICb,KFW,2018-10-10,10,4,5.266,81.91,0,TRUE
Ptk~G,0aM,2018-10-13,10,7,0.322,5.17,0,TRUE
puPg_,AWT,2018-10-27,10,7,0.96,12.33,0,TRUE
pUy8~,uRf,2018-10-20,10,7,6.05,32.31,0,TRUE
PWGwp,bbb,2018-09-14,9,6,5,11.93,0,TRUE
pXpXQ,sN6,2018-10-30,10,3,2.39,16.96,0,TRUE
PXTiD,Ed0,2018-09-28,9,6,1.31,16.14,0,TRUE
PyB4X,fDV,2018-10-25,10,5,5.78,30.52,0,TRUE
Q~BTJ,JFC,2018-10-19,10,6,1.25,7.21,0,TRUE
q0TIW,fDV,2018-10-26,10,6,35.48,50.73,0,TRUE
q1Niy,sN6,2018-10-24,10,4,3.735,18.39,0,TRUE
q3WwS,sN6,2018-10-20,10,7,4.865,25.1,0,TRUE
Q3Xo~,5S8,2018-06-23,6,7,0.68,12.1,0,TRUE
Q4DEm,JFC,2018-10-20,10,7,1.32,4.4,0,TRUE
q5_na,AWT,2018-10-30,10,3,0.585,10.88,0,TRUE
q7Qe7,8TO,2018-10-17,10,4,0.975,13.96,0,TRUE
Q9BGg,uRf,2018-10-30,10,3,0.115,2.5,0,TRUE
QAePV,KFW,2018-10-15,10,2,1.594,10.82,0,TRUE
qak3c,HYm,2018-10-23,10,3,4.425,14.88,0,TRUE
qAl3R,AWT,2018-09-22,9,7,1.25,12.78,0,TRUE
QCkcd,0aM,2018-10-25,10,5,6.276,49.74,0,TRUE
QcwP8,AWT,2018-10-31,10,4,5,13.5,0,TRUE
qDkpx,bbb,2018-09-15,9,7,4.655,38.94,0,TRUE
qdYT2,0aM,2018-10-29,10,2,2.26,32.95,0,TRUE
qebaz,5S8,2018-07-23,7,2,2,0,0,TRUE
qEE_6,fDV,2018-10-08,10,2,3.33,11.61,0,TRUE
qFGYv,0aM,2018-10-17,10,4,8.292,83.95,0,TRUE
qG9Wr,JFC,2018-07-28,7,7,2.535,8.04,0,TRUE
QGR9A,AWT,2018-08-23,8,5,2.595,21.25,0,TRUE
QHjUY,fDV,2018-10-29,10,2,3.185,14.07,0,TRUE
QHtRD,bbb,2018-10-22,10,2,1.3,12.18,0,TRUE
qinqg,uRf,2018-09-28,9,6,1.365,13.21,0,TRUE
qk4YD,AWT,2018-10-19,10,6,24.195,58.15,0,TRUE
qkA5V,bbb,2018-10-11,10,5,3,3.93,0,TRUE
qKEKU,JFC,2018-10-04,10,5,3.35,43.77,0,TRUE
qKOmZ,7ti,2018-09-12,9,4,4.435,62.14,0,TRUE
QKrr1,AWT,2018-09-27,9,5,1,3,0,TRUE
ql_KM,7ti,2018-05-18,5,6,3.51,24.11,0,TRUE
qlzvZ,7XS,2018-10-22,10,2,0.325,7.99,0,TRUE
QmzNZ,5S8,2018-10-23,10,3,0.215,3.94,0,TRUE
qNVeX,7XS,2018-09-14,9,6,3.17,33.29,0,TRUE
qOjDc,5S8,2018-10-26,10,6,3.205,23.87,0,TRUE
qQ4Hz,fDV,2018-10-31,10,4,0.95,37.52,0,TRUE
qQVON,7ti,2018-03-16,3,6,5.52,20.34,0,TRUE
qRvqw,~iy,2018-10-27,10,7,6.494,33.74,0,TRUE
qSfbv,nRq,2018-10-26,10,6,1.47,15.46,0,TRUE
Qsye8,fDV,2018-09-15,9,7,19.05,106.97,0,TRUE
QtuTY,tbv,2018-08-18,8,7,3.434,89.53,0,TRUE
qtZou,7XS,2018-10-30,10,3,0.355,11.7,0,TRUE
QUBAK,uRf,2018-10-10,10,4,1.465,11.03,0,TRUE
QuRwD,7XS,2018-10-17,10,4,0.48,8.63,0,TRUE
QVwmD,AWT,2018-10-15,10,2,7,32.25,0,TRUE
qXBYH,Rtw,2018-10-03,10,4,6.89,28.82,0,TRUE
QXTC3,fDV,2018-05-31,5,5,0.405,4.25,0,TRUE
qzCY_,AWT,2018-10-08,10,2,1.845,8.62,0,TRUE
QzFLX,bbb,2018-10-03,10,4,4,14.73,0,TRUE
qzTcD,fDV,2018-09-22,9,7,2.225,20.41,0,TRUE
r1he7,AWT,2018-10-22,10,2,3.92,10.79,0,TRUE
r1sA9,HYm,2018-10-31,10,4,1.245,16.52,0,TRUE
R5VQP,7ti,2018-10-19,10,6,4.215,42.65,0,TRUE
R7rWx,7ti,2018-10-27,10,7,1,7.95,0,TRUE
R7scg,5S8,2018-10-29,10,2,0.43,6.14,0,TRUE
R7ZMC,uRf,2018-10-19,10,6,0.895,12.12,0,TRUE
r9C3R,nRq,2018-10-17,10,4,1.09,22.19,0,TRUE
r9eNs,8TO,2018-09-18,9,3,2.405,18.93,0,TRUE
RAnTG,AWT,2018-09-14,9,6,1.36,16.84,0,TRUE
Raxo5,Rtw,2018-10-22,10,2,2.21,18.55,0,TRUE
reaZQ,AWT,2018-08-24,8,6,2.805,25.7,0,TRUE
REzp8,7XS,2018-10-31,10,4,1.355,27.14,0,TRUE
rfNmu,nRq,2018-10-26,10,6,2.1,20.53,0,TRUE
RGso~,AWT,2018-10-25,10,5,1.31,12.37,0,TRUE
RGTX6,Ed0,2018-10-31,10,4,2.57,21.8,0,TRUE
RhiYn,Rtw,2018-10-31,10,4,2.735,28.85,0,TRUE
rhoii,AWT,2018-10-11,10,5,6.785,49.4,0,TRUE
RJN64,7ti,2018-09-21,9,6,0.92,14.64,0,TRUE
rkVt3,bbb,2018-09-22,9,7,2,4.5,0,TRUE
RLcup,lFX,2018-10-27,10,7,0.308,8.12,0,TRUE
rlSid,~iy,2018-10-20,10,7,0.954,17.21,0,TRUE
rm3XM,AWT,2018-09-19,9,4,2.85,12.7,0,TRUE
rq4R1,zF~,2018-10-27,10,7,3.935,20,0,TRUE
rTczt,~iy,2018-09-27,9,5,6.43,47.21,0,TRUE
RTePA,bbb,2018-07-21,7,7,1.6,13.5,0,TRUE
RTNDs,7ti,2018-10-31,10,4,1,6.95,0,TRUE
RVoCi,~iy,2018-10-30,10,3,3.442,59.66,0,TRUE
RXVYz,AWT,2018-09-15,9,7,0.56,8.4,0,TRUE
rYChV,uRf,2018-10-27,10,7,5.26,25.63,0,TRUE
RZhjE,F50,2017-11-27,11,2,2.71,24.03,0,TRUE
S0vPM,AWT,2018-10-25,10,5,0.895,8.37,0,TRUE
S1nfF,JFC,2018-10-19,10,6,0.54,8.5,0,TRUE
s24UM,5S8,2018-10-26,10,6,8.765,95.68,0,TRUE
s4PA7,5S8,2018-10-30,10,3,7.192,19.08,0,TRUE
S5awj,fDV,2018-05-08,5,3,1.72,29.16,0,TRUE
s8aOV,7XS,2018-09-06,9,5,1.4,11.35,0,TRUE
SB1MO,J5B,2018-09-21,9,6,4.655,25.34,0,TRUE
SdzqI,KFW,2018-10-29,10,2,0.33,4.97,0,TRUE
SEDXD,8TO,2018-10-23,10,3,3,13.78,0,TRUE
sfdFg,8TO,2018-10-26,10,6,1.43,24.5,0,TRUE
SFo~G,uRf,2018-09-22,9,7,1.88,7.47,0,TRUE
SHaP8,Ed0,2018-10-29,10,2,4.385,16.93,0,TRUE
shHjx,bbb,2018-05-07,5,2,3.115,32.08,0,TRUE
SHhQS,7M4,2018-10-26,10,6,9.725,174.65,0,TRUE
SiQYz,AWT,2018-10-27,10,7,6.365,49.5,0,TRUE
sjaxy,~iy,2018-10-20,10,7,3.216,8.47,0,TRUE
Sjcgw,AWT,2018-09-26,9,4,4.655,35.39,0,TRUE
sjSYd,5S8,2018-10-19,10,6,2.155,29.6,0,TRUE
Smld~,sN6,2018-10-26,10,6,2.025,13.83,0,TRUE
sMnrE,5S8,2018-09-25,9,3,2.525,28.64,0,TRUE
sQ0JY,AWT,2018-09-08,9,7,1.695,12.93,0,TRUE
sQgLq,~iy,2018-05-03,5,5,1.358,45.34,0,TRUE
SRLgf,fDV,2018-10-31,10,4,2,3.9,0,TRUE
srWNQ,KFW,2018-10-22,10,2,0.132,5.15,0,TRUE
sSslA,AWT,2018-10-31,10,4,3,21.24,0,TRUE
st4m0,Ed0,2018-07-06,7,6,1.48,23.27,0,TRUE
sT6oB,~iy,2018-10-22,10,2,1.886,13.65,0,TRUE
sTI2h,5S8,2018-10-29,10,2,0.44,0.92,0,TRUE
StNkA,0aM,2018-10-31,10,4,1.774,11.36,0,TRUE
sUrOC,KFW,2018-08-13,8,2,3.766,15.62,0,TRUE
SuTbw,F50,2018-10-29,10,2,1.505,24.12,0,TRUE
sUZOi,7XS,2018-10-26,10,6,0.485,7,0,TRUE
sV_O3,HYm,2017-12-16,12,7,1.43,186.73,0,TRUE
sW2Tg,nRq,2018-10-27,10,7,1.255,16.43,0,TRUE
sW5dV,bbb,2018-10-30,10,3,4.24,20.52,0,TRUE
swJhA,uRf,2018-10-01,10,2,3.035,10.93,0,TRUE
SWjY4,bbb,2018-09-15,9,7,1.07,17.73,0,TRUE
SwZjX,AWT,2018-10-30,10,3,6.04,44,0,TRUE
sxaJu,AWT,2018-07-14,7,7,3.775,24.12,0,TRUE
T~sqF,Ed0,2018-10-15,10,2,2.775,19.2,0,TRUE
T2NFh,~iy,2018-06-02,6,7,6.978,28.34,0,TRUE
T3IMc,KFW,2018-10-20,10,7,6.954,114.47,0,TRUE
t3Kcj,AWT,2017-12-12,12,3,1,2.66,0,TRUE
t58d7,AWT,2018-10-09,10,3,2.36,39.2,0,TRUE
t682s,AWT,2018-09-12,9,4,3.09,41.73,0,TRUE
t9gET,tbv,2018-10-01,10,2,2.702,17.72,0,TRUE
TBZ7q,7ti,2018-10-23,10,3,0.39,7.61,0,TRUE
tC1eo,Ed0,2018-10-23,10,3,2.52,14.74,0,TRUE
TCAfo,uRf,2018-09-22,9,7,1.71,28.13,0,TRUE
TcsXr,5S8,2018-10-05,10,6,4,20.9,0,TRUE
tCYZ8,nRq,2018-10-20,10,7,0.82,13.12,0,TRUE
tDCf3,~iy,2018-10-26,10,6,1.672,25.72,0,TRUE
TfkGD,HYm,2018-10-31,10,4,0.415,3.79,0,TRUE
TFwt0,JFC,2018-09-25,9,3,1.985,6.83,0,TRUE
THt18,uRf,2018-09-20,9,5,4.21,20.06,0,TRUE
tiDBp,fDV,2018-10-29,10,2,2.24,8.59,0,TRUE
Tiwa8,fDV,2018-10-31,10,4,1.035,2.14,0,TRUE
Tk2kV,bbb,2017-09-15,9,6,1.835,15.4,0,TRUE
tKyTB,F50,2018-10-03,10,4,1.57,33.82,0,TRUE
TLIVD,tbv,2018-10-25,10,5,1.89,41.85,0,TRUE
Tlxt4,uRf,2018-10-02,10,3,1.615,11.75,0,TRUE
Tn7YM,AWT,2018-10-19,10,6,3.995,63.36,0,TRUE
Tnsms,5S8,2018-10-16,10,3,1.455,6.64,0,TRUE
toQcd,bbb,2018-07-30,7,2,1.47,37.25,0,TRUE
TPjHm,KFW,2018-10-19,10,6,2.61,28.9,0,TRUE
tPmRo,uRf,2018-10-24,10,4,4.325,24.06,0,TRUE
tQBbN,~iy,2018-10-27,10,7,0.66,5.87,0,TRUE
tQrbX,AWT,2018-10-19,10,6,12,8.23,0,TRUE
trMnJ,J5B,2018-10-19,10,6,1.025,35.85,0,TRUE
TsCsw,Ed0,2018-05-09,5,4,1.21,5.08,0,TRUE
TsNzK,AWT,2018-10-27,10,7,3.065,25.28,0,TRUE
tsYEa,AWT,2018-10-23,10,3,1.505,23.83,0,TRUE
TTAXh,JFC,2018-10-30,10,3,5.19,14.23,0,TRUE
Ttwqr,7ti,2018-10-30,10,3,5.76,27.71,0,TRUE
TU9Ee,fDV,2018-10-25,10,5,10.515,78.55,0,TRUE
tv8rj,Ed0,2018-10-31,10,4,3.075,14.89,0,TRUE
TwEFu,fDV,2018-10-24,10,4,3.5,11.2,0,TRUE
TxAkS,JFC,2018-10-26,10,6,0.575,9.65,0,TRUE
TY3q8,AWT,2018-10-25,10,5,1.52,17.04,0,TRUE
TYQoZ,0aM,2018-06-04,6,2,4.142,50.94,0,TRUE
TyTvO,7M4,2018-10-24,10,4,7.075,32.13,0,TRUE
TZLrA,fDV,2018-10-18,10,5,27.23,17.45,0,TRUE
TzlzL,nRq,2018-10-25,10,5,0.21,3.13,0,TRUE
tZRFl,8TO,2018-10-31,10,4,3.08,51.64,0,TRUE
u_0qI,AWT,2018-10-29,10,2,4.565,21.5,0,TRUE
U2B8i,fDV,2018-09-27,9,5,2.86,21.69,0,TRUE
U4DSA,Ed0,2018-06-08,6,6,5.25,38.45,0,TRUE
u7rwL,HYm,2018-10-30,10,3,1.94,15.5,0,TRUE
u94QE,8TO,2018-10-17,10,4,16.245,77.84,0,TRUE
uA_Jt,~iy,2018-10-23,10,3,1.624,10.51,0,TRUE
uBiZn,Ed0,2018-10-30,10,3,1,6.5,0,TRUE
Ud6gP,7ti,2018-07-04,7,4,0.87,18.29,0,TRUE
UevA9,8TO,2018-10-27,10,7,1,8.42,0,TRUE
UFvVS,Ed0,2018-10-24,10,4,0.435,6.05,0,TRUE
uH_rI,AWT,2018-10-09,10,3,3.48,17.46,0,TRUE
uKzKn,7XS,2018-10-24,10,4,13.115,29.91,0,TRUE
uLIcu,0aM,2018-10-29,10,2,2.44,10.86,0,TRUE
uLTww,F50,2018-10-25,10,5,5.82,49.78,0,TRUE
uNAUD,AWT,2018-10-24,10,4,1.205,18.08,0,TRUE
UNoeY,~iy,2018-10-25,10,5,0.758,11.89,0,TRUE
uNQRK,5S8,2018-08-02,8,5,4.2,6.23,0,TRUE
UOOTr,0aM,2018-10-24,10,4,0.892,9.46,0,TRUE
uoRND,Ed0,2018-10-29,10,2,6.63,16.37,0,TRUE
Up06r,sN6,2018-03-20,3,3,0.56,8.79,0,TRUE
UqDaw,~iy,2018-10-31,10,4,5.992,16.78,0,TRUE
urA1G,bbb,2018-09-29,9,7,0.455,10.98,0,TRUE
uSYev,5S8,2018-09-20,9,5,3.615,49.62,0,TRUE
uTjg4,fDV,2018-10-05,10,6,0.345,9.5,0,TRUE
UZ8Ok,fDV,2018-10-31,10,4,0.25,8.75,0,TRUE
Uzc2K,KFW,2018-10-23,10,3,11.148,116.09,0,TRUE
UZqdY,bbb,2018-10-31,10,4,4.77,31.88,0,TRUE
V0JnH,tbv,2018-10-27,10,7,0.848,24,0,TRUE
V0MO9,AWT,2018-10-25,10,5,6.605,44.22,0,TRUE
v2g0e,~iy,2018-10-01,10,2,1.278,17.25,0,TRUE
v3JId,~iy,2018-10-18,10,5,19.6,119.7,0,TRUE
V3uNC,bbb,2018-10-09,10,3,1.845,17.09,0,TRUE
V3Vqu,F50,2018-10-22,10,2,2.075,11.95,0,TRUE
v4b~F,5S8,2018-09-17,9,2,2.31,8.56,0,TRUE
v4Usx,5S8,2018-10-31,10,4,1.545,7.32,0,TRUE
V7fNC,bbb,2018-10-30,10,3,0.72,12.45,0,TRUE
v95~S,Ed0,2018-10-30,10,3,3.535,15.71,0,TRUE
V9Loj,KFW,2018-01-02,1,3,0.29,3.92,0,TRUE
vaBD3,Ed0,2018-06-11,6,2,4.72,20.47,0,TRUE
Vb6vX,7ti,2018-10-31,10,4,1.48,14.46,0,TRUE
Vc3bO,bbb,2018-09-22,9,7,1,1.95,0,TRUE
vc6z3,AWT,2018-09-28,9,6,0.175,3.76,0,TRUE
vdPy8,5S8,2018-09-15,9,7,2,15.9,0,TRUE
VDrVu,Rtw,2018-10-22,10,2,0.43,4.21,0,TRUE
vDTrG,fDV,2018-09-13,9,5,1.44,9.02,0,TRUE
vdXmN,bbb,2018-10-31,10,4,1,4.95,0,TRUE
VGWHA,uRf,2018-09-24,9,2,0.78,5.89,0,TRUE
Vj32_,fDV,2018-10-26,10,6,4.195,37.29,0,TRUE
VL1aD,uRf,2018-10-18,10,5,3.97,21.2,0,TRUE
Vld9v,lFX,2018-07-12,7,5,0.174,2.78,0,TRUE
vlral,sN6,2018-10-31,10,4,3.35,19.94,0,TRUE
vNTig,7ti,2018-08-09,8,5,2.155,26.72,0,TRUE
VoFPh,uRf,2018-10-26,10,6,4.62,14.98,0,TRUE
VqDoF,KFW,2018-10-29,10,2,3.028,40.61,0,TRUE
VQlVT,AWT,2018-10-24,10,4,3.33,32.57,0,TRUE
vRFF5,nRq,2018-10-24,10,4,2.885,43.75,0,TRUE
vrxJg,AWT,2018-10-31,10,4,1,197.68,0,TRUE
vUH0h,fDV,2018-10-02,10,3,3.89,33.98,0,TRUE
Vuhy8,0aM,2018-10-08,10,2,1.16,0.89,0,TRUE
VYZzQ,AWT,2018-10-26,10,6,6.925,11.19,0,TRUE
VzUoZ,F50,2018-10-17,10,4,0.25,2.26,0,TRUE
w018y,8TO,2018-10-27,10,7,6.9,40.23,0,TRUE
W19ak,uRf,2018-10-31,10,4,1.075,5.99,0,TRUE
W1Ov2,nRq,2018-09-25,9,3,0.63,7.55,0,TRUE
W29Gr,fDV,2018-06-29,6,6,2.735,26.42,0,TRUE
w6nu_,0aM,2018-10-27,10,7,2.802,41.81,0,TRUE
w7MI5,KFW,2018-09-20,9,5,2.158,19.36,0,TRUE
wb4p2,bbb,2018-08-04,8,7,3,5.94,0,TRUE
WBR_4,Ed0,2018-10-15,10,2,1.24,8.68,0,TRUE
WD7JY,8TO,2018-10-11,10,5,1.705,20.58,0,TRUE
wdBIL,7ti,2018-10-26,10,6,0.53,8.84,0,TRUE
wddBy,Ed0,2018-10-31,10,4,2.38,31.76,0,TRUE
WEQlG,7ti,2018-10-23,10,3,2.2,68,0,TRUE
wf33a,bbb,2018-10-10,10,4,6.14,61.26,0,TRUE
WFttw,tbv,2018-01-19,1,6,6.672,60.52,0,TRUE
wGjeJ,AWT,2018-10-18,10,5,2.14,18.4,0,TRUE
WJ0w_,nRq,2018-10-27,10,7,1.77,48.82,0,TRUE
wjT6M,~iy,2018-10-17,10,4,9.602,85.77,0,TRUE
wLwW_,7XS,2018-05-24,5,5,0.85,52.26,0,TRUE
wlwwY,5S8,2018-10-11,10,5,3.36,43.27,0,TRUE
WLWzk,bbb,2018-10-29,10,2,0.41,6.11,0,TRUE
WN73F,7XS,2018-04-05,4,5,1.785,8.07,0,TRUE
woyFu,7ti,2018-10-16,10,3,2.83,17.94,0,TRUE
WPIVv,KFW,2018-10-06,10,7,2.456,34.54,0,TRUE
wpiZS,5S8,2018-09-27,9,5,3.825,41.96,0,TRUE
WqapV,7ti,2018-10-22,10,2,0.795,13.01,0,TRUE
wQWnD,5S8,2018-09-15,9,7,14.445,148.31,0,TRUE
WR3Bq,AWT,2018-10-27,10,7,1.43,8.17,0,TRUE
WsJPI,7XS,2018-10-22,10,2,0.71,22.47,0,TRUE
wSUnN,AWT,2018-09-19,9,4,2.405,27.26,0,TRUE
wToVJ,fDV,2018-10-29,10,2,2.17,29.88,0,TRUE
wuSbd,KFW,2018-10-26,10,6,1.564,38.86,0,TRUE
wX_dm,Ed0,2018-10-31,10,4,20.38,23.67,0,TRUE
WX~mD,KFW,2018-10-04,10,5,2.152,21.12,0,TRUE
x~cII,uRf,2018-07-07,7,7,9.7,56.11,0,TRUE
X2RNz,AWT,2017-08-02,8,4,5.855,48.85,0,TRUE
X5~Tt,Ed0,2018-10-18,10,5,0.225,3.66,0,TRUE
x6Ilc,5S8,2018-07-31,7,3,5.55,28.17,0,TRUE
X7QK9,5S8,2018-10-04,10,5,3,13.95,0,TRUE
x8xuL,JFC,2018-10-29,10,2,3.33,23.65,0,TRUE
x9CFo,5S8,2018-07-13,7,6,5.74,52.4,0,TRUE
xbPBf,AWT,2018-10-20,10,7,1.465,13.19,0,TRUE
xbVB5,7ti,2018-10-29,10,2,1.285,4.34,0,TRUE
XfpZX,7M4,2018-10-31,10,4,5.005,23.24,0,TRUE
XGo2U,7M4,2018-10-10,10,4,1.44,7.88,0,TRUE
xGT5u,uRf,2018-10-29,10,2,2.905,27.46,0,TRUE
xI2Zq,7ti,2018-10-13,10,7,0.94,18.57,0,TRUE
xIpuT,7ti,2018-10-18,10,5,2.125,19.92,0,TRUE
xJd07,nRq,2018-10-26,10,6,1.28,17.92,0,TRUE
xJi18,sN6,2018-10-27,10,7,0.265,7.8,0,TRUE
xLDQH,Ed0,2018-10-06,10,7,1.485,11.94,0,TRUE
XLNJf,5S8,2018-08-04,8,7,9.425,96.18,0,TRUE
Xmq61,AWT,2018-08-31,8,6,1.735,26.52,0,TRUE
XOyv6,7XS,2018-08-02,8,5,1.98,27.74,0,TRUE
Xp2C1,5S8,2018-10-15,10,2,0.68,13.18,0,TRUE
xpGjp,HYm,2018-10-27,10,7,2.62,23.27,0,TRUE
xpkb8,bbb,2018-10-30,10,3,0.2,4.5,0,TRUE
xqSqI,8TO,2018-10-31,10,4,16.05,111,0,TRUE
xrj~g,5S8,2018-05-30,5,4,3,14.7,0,TRUE
xtmBb,5S8,2018-10-02,10,3,0.785,11.17,0,TRUE
xU9kR,bbb,2018-10-30,10,3,0.585,16.32,0,TRUE
XV_ri,KFW,2018-10-26,10,6,5.072,39.24,0,TRUE
xwPSt,AWT,2018-10-22,10,2,4.005,17.06,0,TRUE
xxHTe,~iy,2018-06-16,6,7,0.554,11.6,0,TRUE
xXNdS,0aM,2018-10-11,10,5,6.3,56.3,0,TRUE
XyqZd,wdU,2018-10-31,10,4,1.784,143.56,0,TRUE
XYShb,KFW,2018-10-19,10,6,1.104,14.28,0,TRUE
Xysoe,bbb,2018-10-10,10,4,1.115,8.83,0,TRUE
y_ZOx,AWT,2018-10-31,10,4,3.8,24.64,0,TRUE
Y1bYN,7ti,2018-10-19,10,6,4.185,68.76,0,TRUE
y1eAn,bbb,2018-05-30,5,4,0.2,6.7,0,TRUE
y3oh6,zF~,2017-09-25,9,2,0.995,11.94,0,TRUE
Y6ajv,fDV,2018-10-20,10,7,6.15,21.22,0,TRUE
Y6F1M,5S8,2018-10-26,10,6,3.135,54.83,0,TRUE
y9m8C,AWT,2018-10-09,10,3,0.725,10.14,0,TRUE
yBko0,AWT,2018-10-31,10,4,4,40.54,0,TRUE
YC1qR,5S8,2018-08-10,8,6,8.165,57.06,0,TRUE
YCIcK,bbb,2018-10-20,10,7,0.61,14.89,0,TRUE
YCuMp,fDV,2018-06-14,6,5,12.32,91.59,0,TRUE
YD1t~,7XS,2018-10-26,10,6,1.235,18.29,0,TRUE
ydRED,7ti,2018-10-30,10,3,1,3.9,0,TRUE
YdWVD,~iy,2018-10-26,10,6,7.248,21.96,0,TRUE
yf2De,HYm,2018-10-09,10,3,2,20.55,0,TRUE
yfOn0,0aM,2018-10-09,10,3,0.51,5.09,0,TRUE
YgBQB,AWT,2017-09-08,9,6,7.875,64.26,0,TRUE
yGCTT,5S8,2018-10-19,10,6,4.79,41.48,0,TRUE
yggQ~,7ti,2018-10-06,10,7,2.64,50.23,0,TRUE
YHNWt,~iy,2018-10-31,10,4,0.718,12.44,0,TRUE
yi6aT,8TO,2018-10-26,10,6,7.81,32.66,0,TRUE
yidfo,5S8,2018-09-05,9,4,4.845,51.38,0,TRUE
YIEWb,bbb,2018-10-17,10,4,2,13.5,0,TRUE
yJ0Qf,7ti,2018-10-30,10,3,1.315,14.98,0,TRUE
Yjb6d,AWT,2018-10-31,10,4,0.745,10.79,0,TRUE
yL0Sv,AWT,2018-10-13,10,7,7.65,96.09,0,TRUE
YL7na,sN6,2018-01-23,1,3,2.145,19.44,0,TRUE
ylrg1,uRf,2018-10-20,10,7,1.67,8.44,0,TRUE
YNFwU,bbb,2018-03-24,3,7,7.225,13.1,0,TRUE
YObIk,HYm,2018-10-30,10,3,1.485,23.83,0,TRUE
yOhnD,AWT,2018-10-20,10,7,2,35.27,0,TRUE
yqLBz,Ed0,2018-10-30,10,3,0.55,10.86,0,TRUE
yRg19,JFC,2018-10-30,10,3,1,5.89,0,TRUE
YrQ60,fDV,2018-10-30,10,3,1.49,6.75,0,TRUE
ysAbS,bbb,2018-09-03,9,2,6.455,58.75,0,TRUE
YTPAn,0aM,2018-10-26,10,6,1.102,9.46,0,TRUE
yU6Gj,fDV,2018-09-04,9,3,5.83,70.87,0,TRUE
YVAO1,7XS,2018-09-05,9,4,5.265,89.13,0,TRUE
Yvfjo,KFW,2018-10-26,10,6,1.906,22.52,0,TRUE
Yvsbz,~iy,2018-10-19,10,6,3.276,50.89,0,TRUE
YX4Dm,8TO,2018-10-17,10,4,1.775,17.78,0,TRUE
YxXCc,Ed0,2018-10-30,10,3,1.875,22.14,0,TRUE
yYBBn,~iy,2018-10-06,10,7,1.496,22.02,0,TRUE
YYcVO,5S8,2018-06-22,6,6,5.105,52.72,0,TRUE
YyYX4,5S8,2018-10-11,10,5,0.525,19.51,0,TRUE
z0AH5,uRf,2018-10-31,10,4,0.35,3.26,0,TRUE
z0g4y,fDV,2018-10-08,10,2,1.115,29.02,0,TRUE
Z3A3Y,bbb,2018-10-30,10,3,2,9,0,TRUE
Z3kKd,AWT,2018-10-31,10,4,0.12,11.88,0,TRUE
Z5HkJ,tbv,2018-10-18,10,5,3.054,80.26,0,TRUE
z6fAY,sN6,2018-10-29,10,2,3.085,15.05,0,TRUE
Z6JYg,7XS,2018-10-29,10,2,2.055,24.04,0,TRUE
z78~x,bbb,2018-02-23,2,6,0.46,7.01,0,TRUE
z7aLZ,bbb,2018-10-31,10,4,0.785,33.79,0,TRUE
Z7R4W,AWT,2018-10-24,10,4,6.39,68.11,0,TRUE
Za7cK,tbv,2018-10-31,10,4,1.016,19.21,0,TRUE
ZbRJG,7XS,2018-09-13,9,5,0.61,21.67,0,TRUE
zdLvS,7XS,2018-10-24,10,4,1.92,26.68,0,TRUE
ZDTaQ,AWT,2018-10-18,10,5,2.125,15.63,0,TRUE
zDti6,8TO,2018-10-20,10,7,1,4.55,0,TRUE
Zdwom,~iy,2018-10-22,10,2,0.338,6.12,0,TRUE
zFHSe,fDV,2018-09-26,9,4,3.74,20.47,0,TRUE
Zgc7M,8TO,2018-10-01,10,2,4.275,26.91,0,TRUE
ZH9uy,uRf,2018-10-02,10,3,9.965,23.07,0,TRUE
ZHX93,~iy,2018-10-23,10,3,3.62,37.55,0,TRUE
ZJ2qe,tbv,2018-10-27,10,7,1.528,47.21,0,TRUE
zjERY,5S8,2018-10-27,10,7,2.335,27.29,0,TRUE
ZlK9X,fDV,2018-10-26,10,6,2.955,44.97,0,TRUE
ZM0Bq,lFX,2018-10-20,10,7,0.326,4.86,0,TRUE
zP1nC,5S8,2018-10-22,10,2,1.325,17.18,0,TRUE
zP70V,7XS,2018-10-30,10,3,1.37,25.83,0,TRUE
Zpby~,~iy,2018-10-25,10,5,0.394,6.09,0,TRUE
zpIHj,8TO,2018-10-30,10,3,5.095,49.64,0,TRUE
zqR03,AWT,2018-10-11,10,5,1.34,24.32,0,TRUE
zQUcq,0aM,2018-10-27,10,7,1.858,5.32,0,TRUE
zrmxj,0aM,2018-10-27,10,7,1.508,10.05,0,TRUE
zrysj,F50,2018-08-11,8,7,1.54,8.85,0,TRUE
ZS9fz,fDV,2018-10-20,10,7,38.433,82.93,0,TRUE
ZsGyI,7XS,2018-10-22,10,2,2.475,11.3,0,TRUE
zsiIk,0aM,2018-10-26,10,6,3.788,32.53,0,TRUE
zSx0r,5S8,2018-10-19,10,6,1.845,14.12,0,TRUE
zt9dZ,bbb,2018-10-27,10,7,2.375,27.41,0,TRUE
zTTno,AWT,2018-09-25,9,3,0.465,6,0,TRUE
ZUfwt,AWT,2018-04-25,4,4,4.6,39.42,0,TRUE
zVebS,uRf,2018-10-27,10,7,0.66,15.44,0,TRUE
zvMXR,5S8,2018-10-16,10,3,1.35,28.97,0,TRUE
Zw2RF,0aM,2018-10-26,10,6,2.672,25.66,0,TRUE
zwntZ,0aM,2018-10-30,10,3,1.518,10.25,0,TRUE
zWVc4,F50,2018-10-25,10,5,3.005,18.02,0,TRUE
zXnfl,AWT,2018-07-12,7,5,1.68,15.46,0,TRUE
zY1KF,~iy,2018-10-18,10,5,4.928,46.92,0,TRUE
ZYNMM,KFW,2018-10-17,10,4,1.172,11.54,0,TRUE
